date,instrument,high,open,low,close,volume
2018-01-02,512100.SH,0.831,0.824,0.823,0.831,1642700
2018-01-03,512100.SH,0.838,0.831,0.831,0.838,3486600
2018-01-04,512100.SH,0.839,0.839,0.833,0.838,915700
2018-01-05,512100.SH,0.841,0.836,0.836,0.839,4048300
2018-01-08,512100.SH,0.841,0.839,0.835,0.84,1268300
2018-01-09,512100.SH,0.842,0.841,0.837,0.839,810200
2018-01-10,512100.SH,0.841,0.84,0.83,0.835,966800
2018-01-11,512100.SH,0.841,0.834,0.831,0.84,1408700
2018-01-12,512100.SH,0.841,0.841,0.835,0.836,402100
2018-01-15,512100.SH,0.831,0.831,0.811,0.813,3548700
2018-01-16,512100.SH,0.816,0.816,0.811,0.815,1873000
2018-01-17,512100.SH,0.817,0.817,0.802,0.814,3951600
2018-01-18,512100.SH,0.817,0.811,0.811,0.814,1740700
2018-01-19,512100.SH,0.819,0.814,0.811,0.811,4170500
2018-01-22,512100.SH,0.827,0.811,0.808,0.823,10122500
2018-01-23,512100.SH,0.828,0.828,0.821,0.822,1602400
2018-01-24,512100.SH,0.832,0.823,0.818,0.832,2634700
2018-01-25,512100.SH,0.836,0.83,0.829,0.83,2296500
2018-01-26,512100.SH,0.832,0.83,0.828,0.828,1485000
2018-01-29,512100.SH,0.831,0.83,0.817,0.819,1245800
2018-01-30,512100.SH,0.819,0.817,0.815,0.817,5111100
2018-01-31,512100.SH,0.815,0.812,0.797,0.797,4222100
2018-02-01,512100.SH,0.802,0.801,0.766,0.766,6753200
2018-02-02,512100.SH,0.77,0.77,0.742,0.761,2358900
2018-02-05,512100.SH,0.762,0.76,0.75,0.759,1336300
2018-02-06,512100.SH,0.751,0.75,0.722,0.723,3332700
2018-02-07,512100.SH,0.742,0.727,0.711,0.723,3188900
2018-02-08,512100.SH,0.735,0.724,0.723,0.733,2166800
2018-02-09,512100.SH,0.725,0.725,0.701,0.71,3005600
2018-02-12,512100.SH,0.732,0.714,0.714,0.731,2103700
2018-02-13,512100.SH,0.738,0.732,0.731,0.733,1555000
2018-02-14,512100.SH,0.735,0.733,0.727,0.735,1074800
2018-02-22,512100.SH,0.747,0.74,0.737,0.746,1220400
2018-02-23,512100.SH,0.749,0.746,0.742,0.747,1101800
2018-02-26,512100.SH,0.765,0.75,0.75,0.765,1735700
2018-02-27,512100.SH,0.772,0.766,0.764,0.77,4633600
2018-02-28,512100.SH,0.774,0.77,0.761,0.771,1115200
2018-03-01,512100.SH,0.782,0.771,0.768,0.782,1892200
2018-03-02,512100.SH,0.784,0.779,0.771,0.779,1660400
2018-03-05,512100.SH,0.783,0.779,0.778,0.783,803100
2018-03-06,512100.SH,0.793,0.783,0.783,0.791,3205800
2018-03-07,512100.SH,0.792,0.791,0.785,0.785,1052000
2018-03-08,512100.SH,0.79,0.784,0.784,0.79,791700
2018-03-09,512100.SH,0.806,0.791,0.791,0.805,5707300
2018-09-18,512100.SH,0.587,0.578,0.575,0.587,2142600
2018-09-19,512100.SH,0.598,0.586,0.585,0.593,3063300
2018-09-20,512100.SH,0.595,0.594,0.591,0.592,1139100
2018-09-21,512100.SH,0.601,0.597,0.591,0.6,4336200
2018-09-25,512100.SH,0.601,0.598,0.596,0.599,1442100
2018-09-26,512100.SH,0.604,0.599,0.598,0.599,1553000
2018-09-27,512100.SH,0.601,0.601,0.591,0.592,3270200
2018-09-28,512100.SH,0.597,0.593,0.59,0.597,1194300
2018-10-08,512100.SH,0.591,0.591,0.575,0.576,1591300
2018-10-09,512100.SH,0.581,0.577,0.572,0.576,1746400
2018-10-10,512100.SH,0.578,0.576,0.57,0.575,877500
2018-10-11,512100.SH,0.572,0.57,0.53,0.533,6709800
2018-10-12,512100.SH,0.586,0.533,0.509,0.53,2578600
2018-10-15,512100.SH,0.535,0.494,0.494,0.522,1769800
2018-10-16,512100.SH,0.526,0.522,0.507,0.51,1504300
2018-10-17,512100.SH,0.522,0.515,0.503,0.515,1418800
2018-10-18,512100.SH,0.514,0.514,0.499,0.504,3295300
2018-10-19,512100.SH,0.509,0.495,0.488,0.508,3127000
2018-10-22,512100.SH,0.538,0.515,0.51,0.536,11702400
2018-10-23,512100.SH,0.536,0.536,0.521,0.525,9690300
2018-10-24,512100.SH,0.53,0.52,0.52,0.524,2993700
2018-10-25,512100.SH,0.52,0.51,0.507,0.52,1393200
2018-10-26,512100.SH,0.529,0.521,0.519,0.521,3873400
2018-10-29,512100.SH,0.522,0.522,0.511,0.514,1131000
2018-10-30,512100.SH,0.522,0.515,0.505,0.52,3954200
2018-10-31,512100.SH,0.53,0.521,0.519,0.526,6817000
2018-11-01,512100.SH,0.538,0.529,0.525,0.53,5810900
2018-11-02,512100.SH,0.552,0.548,0.536,0.547,8707000
2018-11-05,512100.SH,0.557,0.55,0.541,0.55,11498600
2018-11-06,512100.SH,0.552,0.551,0.542,0.552,3643600
2018-11-07,512100.SH,0.556,0.552,0.548,0.55,2027200
2018-11-08,512100.SH,0.555,0.555,0.546,0.546,4852900
2018-11-09,512100.SH,0.55,0.544,0.543,0.546,3123200
2018-11-12,512100.SH,0.563,0.546,0.546,0.562,20856300
2018-11-13,512100.SH,0.579,0.559,0.555,0.574,26169100
2018-11-14,512100.SH,0.584,0.574,0.558,0.574,34572900
2018-11-15,512100.SH,0.584,0.575,0.573,0.583,16491500
2018-11-16,512100.SH,0.593,0.584,0.582,0.589,19216000
2018-11-19,512100.SH,0.592,0.591,0.583,0.592,12710600
2018-11-20,512100.SH,0.59,0.588,0.575,0.576,15466400
2018-11-21,512100.SH,0.583,0.572,0.566,0.58,15884900
2018-11-22,512100.SH,0.585,0.581,0.578,0.581,14382700
2018-11-23,512100.SH,0.578,0.578,0.552,0.554,25298200
2018-11-26,512100.SH,0.56,0.548,0.548,0.555,10592900
2018-11-27,512100.SH,0.562,0.555,0.555,0.56,5690400
2018-11-28,512100.SH,0.566,0.554,0.551,0.566,11836400
2018-11-29,512100.SH,0.572,0.568,0.552,0.553,14001700
2018-11-30,512100.SH,0.558,0.553,0.544,0.557,6283600
2018-12-03,512100.SH,0.578,0.571,0.566,0.574,9656800
2018-12-04,512100.SH,0.581,0.575,0.571,0.581,10547300
2018-12-05,512100.SH,0.58,0.571,0.567,0.576,9727400
2018-12-06,512100.SH,0.576,0.573,0.565,0.567,15228900
2018-12-07,512100.SH,0.569,0.568,0.564,0.566,5176100
2018-12-10,512100.SH,0.564,0.564,0.557,0.56,6246700
2018-12-11,512100.SH,0.565,0.563,0.561,0.565,4339200
2018-12-12,512100.SH,0.568,0.566,0.564,0.565,3607900
2018-12-13,512100.SH,0.574,0.568,0.563,0.571,4462900
2018-12-14,512100.SH,0.57,0.564,0.555,0.556,4395900
2018-12-17,512100.SH,0.556,0.556,0.547,0.553,6091600
2018-12-18,512100.SH,0.555,0.551,0.545,0.55,9203400
2018-12-19,512100.SH,0.552,0.552,0.542,0.543,5702900
2018-12-20,512100.SH,0.546,0.542,0.539,0.545,3225300
2018-12-21,512100.SH,0.544,0.543,0.536,0.541,3307800
2018-12-24,512100.SH,0.546,0.541,0.539,0.545,1567000
2018-12-25,512100.SH,0.541,0.538,0.527,0.539,4513300
2018-12-26,512100.SH,0.542,0.537,0.536,0.538,4097900
2018-12-27,512100.SH,0.549,0.549,0.529,0.529,11230800
2018-12-28,512100.SH,0.556,0.529,0.526,0.529,4701500
2018-03-12,512100.SH,0.816,0.805,0.805,0.815,2873500
2018-03-13,512100.SH,0.818,0.817,0.81,0.811,1619200
2018-03-14,512100.SH,0.812,0.81,0.8,0.801,2245900
2018-03-15,512100.SH,0.803,0.8,0.791,0.8,1698400
2018-03-16,512100.SH,0.806,0.801,0.8,0.801,680100
2018-03-19,512100.SH,0.806,0.801,0.796,0.801,776000
2018-03-20,512100.SH,0.801,0.8,0.792,0.8,779200
2018-03-21,512100.SH,0.808,0.802,0.796,0.796,1245600
2018-03-22,512100.SH,0.799,0.797,0.79,0.794,817300
2018-03-23,512100.SH,0.788,0.788,0.743,0.754,5895800
2018-03-26,512100.SH,0.766,0.755,0.734,0.764,3149000
2018-03-27,512100.SH,0.788,0.766,0.766,0.787,2427500
2018-03-28,512100.SH,0.785,0.782,0.777,0.781,1196000
2018-03-29,512100.SH,0.787,0.782,0.78,0.787,741200
2018-03-30,512100.SH,0.8,0.787,0.787,0.799,1512000
2018-04-02,512100.SH,0.809,0.799,0.797,0.803,1475800
2018-04-03,512100.SH,0.799,0.799,0.789,0.794,1548300
2018-04-04,512100.SH,0.799,0.796,0.787,0.789,609600
2018-04-09,512100.SH,0.793,0.789,0.779,0.789,997300
2018-04-10,512100.SH,0.791,0.79,0.78,0.79,441900
2018-04-11,512100.SH,0.798,0.79,0.79,0.796,882100
2018-04-12,512100.SH,0.797,0.794,0.79,0.792,907900
2018-04-13,512100.SH,0.796,0.79,0.789,0.79,566700
2018-04-16,512100.SH,0.794,0.789,0.784,0.79,626700
2018-04-17,512100.SH,0.792,0.79,0.771,0.773,706300
2018-04-18,512100.SH,0.786,0.773,0.763,0.784,2634800
2018-04-19,512100.SH,0.792,0.784,0.782,0.786,1310300
2018-04-20,512100.SH,0.786,0.785,0.77,0.771,1533700
2018-04-23,512100.SH,0.783,0.772,0.751,0.762,1335100
2018-04-24,512100.SH,0.779,0.763,0.761,0.778,403400
2018-04-25,512100.SH,0.782,0.778,0.775,0.78,464900
2018-04-26,512100.SH,0.78,0.78,0.766,0.768,307900
2018-04-27,512100.SH,0.772,0.769,0.763,0.766,746600
2018-05-02,512100.SH,0.777,0.767,0.76,0.765,319600
2018-05-03,512100.SH,0.771,0.765,0.754,0.771,219600
2018-05-04,512100.SH,0.773,0.771,0.768,0.771,461700
2018-05-07,512100.SH,0.783,0.772,0.771,0.783,848400
2018-05-08,512100.SH,0.787,0.783,0.782,0.786,610171
2018-05-09,512100.SH,0.787,0.786,0.784,0.785,377071
2018-05-10,512100.SH,0.79,0.787,0.786,0.79,2561300
2018-05-11,512100.SH,0.791,0.791,0.783,0.784,1297700
2018-05-14,512100.SH,0.787,0.785,0.777,0.777,1299100
2018-05-15,512100.SH,0.786,0.78,0.776,0.785,588400
2018-05-16,512100.SH,0.788,0.784,0.78,0.781,779100
2018-05-17,512100.SH,0.784,0.782,0.777,0.778,472700
2018-05-18,512100.SH,0.781,0.777,0.773,0.781,2649300
2018-05-21,512100.SH,0.791,0.782,0.782,0.788,4990600
2018-05-22,512100.SH,0.792,0.788,0.786,0.792,1221400
2018-05-23,512100.SH,0.792,0.792,0.785,0.785,1147900
2018-05-24,512100.SH,0.786,0.782,0.781,0.782,813900
2018-05-25,512100.SH,0.782,0.78,0.772,0.772,629700
2018-05-28,512100.SH,0.774,0.773,0.764,0.766,605100
2018-05-29,512100.SH,0.771,0.765,0.761,0.761,577500
2018-05-30,512100.SH,0.76,0.756,0.737,0.738,1184200
2018-05-31,512100.SH,0.748,0.739,0.738,0.748,856900
2018-06-01,512100.SH,0.749,0.748,0.736,0.74,6929400
2018-06-04,512100.SH,0.744,0.741,0.735,0.741,626000
2018-06-05,512100.SH,0.749,0.742,0.737,0.748,567400
2018-06-06,512100.SH,0.749,0.748,0.744,0.746,501400
2018-06-07,512100.SH,0.75,0.75,0.743,0.744,462100
2018-06-08,512100.SH,0.742,0.742,0.731,0.735,724800
2018-06-11,512100.SH,0.742,0.736,0.728,0.731,649400
2018-06-12,512100.SH,0.736,0.729,0.723,0.734,464000
2018-06-13,512100.SH,0.733,0.732,0.723,0.724,517100
2018-06-14,512100.SH,0.726,0.724,0.718,0.72,905600
2018-06-15,512100.SH,0.721,0.72,0.701,0.705,3439300
2018-06-19,512100.SH,0.701,0.701,0.645,0.654,7646500
2018-06-20,512100.SH,0.667,0.654,0.649,0.664,934700
2018-06-21,512100.SH,0.668,0.66,0.648,0.649,1487700
2018-06-22,512100.SH,0.66,0.648,0.639,0.658,1066000
2018-06-25,512100.SH,0.665,0.659,0.654,0.655,901600
2018-06-26,512100.SH,0.662,0.651,0.643,0.66,1806800
2018-06-27,512100.SH,0.664,0.661,0.654,0.655,1731000
2018-06-28,512100.SH,0.659,0.655,0.646,0.648,2415100
2018-06-29,512100.SH,0.669,0.648,0.648,0.669,1707500
2018-07-02,512100.SH,0.67,0.669,0.652,0.658,8262600
2018-07-03,512100.SH,0.667,0.658,0.648,0.665,1656400
2018-07-04,512100.SH,0.665,0.665,0.652,0.655,1460100
2018-07-05,512100.SH,0.655,0.655,0.638,0.641,1581300
2018-07-06,512100.SH,0.649,0.642,0.626,0.64,2821600
2018-07-09,512100.SH,0.653,0.64,0.64,0.652,1051400
2018-07-10,512100.SH,0.658,0.647,0.647,0.658,460300
2018-07-11,512100.SH,0.656,0.656,0.633,0.642,1627900
2018-07-12,512100.SH,0.662,0.642,0.642,0.659,3067400
2018-07-13,512100.SH,0.663,0.661,0.659,0.663,404400
2018-07-16,512100.SH,0.664,0.664,0.659,0.662,631400
2018-07-17,512100.SH,0.665,0.665,0.655,0.665,1018700
2018-07-18,512100.SH,0.669,0.666,0.661,0.662,1185300
2018-07-19,512100.SH,0.663,0.663,0.651,0.654,1128300
2018-07-20,512100.SH,0.661,0.652,0.648,0.659,975000
2018-07-23,512100.SH,0.666,0.659,0.657,0.666,1531200
2018-07-24,512100.SH,0.678,0.666,0.664,0.677,3019100
2018-07-25,512100.SH,0.68,0.675,0.674,0.677,1574300
2018-07-26,512100.SH,0.678,0.676,0.672,0.674,1076100
2018-07-27,512100.SH,0.675,0.675,0.668,0.67,630700
2018-07-30,512100.SH,0.671,0.671,0.657,0.659,1150900
2018-07-31,512100.SH,0.663,0.66,0.658,0.661,500100
2018-08-01,512100.SH,0.674,0.662,0.65,0.651,993300
2018-08-02,512100.SH,0.65,0.65,0.621,0.634,2274200
2018-08-03,512100.SH,0.637,0.635,0.628,0.628,1314900
2018-08-06,512100.SH,0.628,0.628,0.611,0.614,3469600
2018-08-07,512100.SH,0.629,0.615,0.61,0.627,2285400
2018-08-08,512100.SH,0.629,0.628,0.618,0.618,1048700
2018-08-09,512100.SH,0.635,0.62,0.616,0.632,3503400
2018-08-10,512100.SH,0.636,0.63,0.63,0.636,1893100
2018-08-13,512100.SH,0.639,0.634,0.628,0.639,1428700
2018-08-14,512100.SH,0.641,0.637,0.634,0.639,378200
2018-08-15,512100.SH,0.64,0.64,0.624,0.626,1382800
2018-08-16,512100.SH,0.626,0.624,0.612,0.618,897300
2018-08-17,512100.SH,0.623,0.619,0.606,0.607,1575500
2018-08-20,512100.SH,0.609,0.606,0.596,0.609,1171000
2018-08-21,512100.SH,0.618,0.608,0.608,0.616,947200
2018-08-22,512100.SH,0.616,0.614,0.611,0.611,932100
2018-08-23,512100.SH,0.615,0.612,0.609,0.614,632500
2018-08-24,512100.SH,0.614,0.613,0.61,0.611,582100
2018-08-27,512100.SH,0.626,0.615,0.615,0.626,4624800
2018-08-28,512100.SH,0.626,0.624,0.622,0.625,947000
2018-08-29,512100.SH,0.624,0.624,0.619,0.622,826600
2018-08-30,512100.SH,0.621,0.621,0.61,0.612,590400
2018-08-31,512100.SH,0.61,0.61,0.603,0.603,935100
2018-09-03,512100.SH,0.604,0.604,0.594,0.603,1605000
2018-09-04,512100.SH,0.612,0.602,0.602,0.611,977500
2018-09-05,512100.SH,0.611,0.609,0.6,0.601,1537000
2018-09-06,512100.SH,0.605,0.602,0.596,0.598,904000
2018-09-07,512100.SH,0.607,0.599,0.596,0.601,1413100
2018-09-10,512100.SH,0.601,0.599,0.593,0.595,1751400
2018-09-11,512100.SH,0.595,0.595,0.584,0.589,2511200
2018-09-12,512100.SH,0.593,0.586,0.586,0.589,807400
2018-09-13,512100.SH,0.594,0.593,0.584,0.593,1211200
2018-09-14,512100.SH,0.593,0.593,0.586,0.587,448800
2018-09-17,512100.SH,0.588,0.588,0.576,0.578,1820200
2019-01-02,512100.SH,0.54,0.53,0.526,0.528,5017500
2019-01-03,512100.SH,0.531,0.528,0.523,0.524,2208900
2019-01-04,512100.SH,0.539,0.522,0.517,0.539,6546800
2019-01-07,512100.SH,0.551,0.54,0.54,0.55,5227700
2019-01-08,512100.SH,0.55,0.548,0.546,0.548,6921800
2019-01-09,512100.SH,0.557,0.551,0.547,0.549,5148400
2019-01-10,512100.SH,0.553,0.548,0.546,0.547,4177000
2019-01-11,512100.SH,0.553,0.549,0.547,0.552,4473800
2019-01-14,512100.SH,0.553,0.55,0.547,0.549,4565800
2019-01-15,512100.SH,0.556,0.549,0.546,0.555,6393700
2019-01-16,512100.SH,0.559,0.558,0.554,0.556,5524300
2019-01-17,512100.SH,0.556,0.555,0.549,0.549,2299800
2019-01-18,512100.SH,0.554,0.549,0.548,0.554,5304900
2019-01-21,512100.SH,0.559,0.556,0.553,0.557,4639600
2019-01-22,512100.SH,0.557,0.556,0.549,0.551,5349200
2019-01-23,512100.SH,0.552,0.55,0.548,0.551,3138700
2019-01-24,512100.SH,0.557,0.551,0.55,0.555,4617600
2019-01-25,512100.SH,0.557,0.556,0.551,0.552,7032700
2019-01-28,512100.SH,0.556,0.553,0.546,0.547,4814500
2019-01-29,512100.SH,0.544,0.543,0.529,0.537,10341300
2019-01-30,512100.SH,0.538,0.536,0.529,0.53,7118400
2019-01-31,512100.SH,0.532,0.528,0.519,0.522,12536900
2019-02-01,512100.SH,0.537,0.524,0.524,0.537,7103800
2019-02-11,512100.SH,0.553,0.538,0.535,0.553,12752400
2019-02-12,512100.SH,0.562,0.553,0.551,0.56,20106500
2019-02-13,512100.SH,0.572,0.563,0.559,0.57,16694500
2019-02-14,512100.SH,0.575,0.571,0.565,0.572,15342500
2019-02-15,512100.SH,0.576,0.57,0.56,0.57,18852400
2019-02-18,512100.SH,0.593,0.574,0.574,0.592,17712500
2019-02-19,512100.SH,0.598,0.59,0.586,0.595,25680100
2019-02-20,512100.SH,0.595,0.594,0.587,0.594,17432500
2019-02-21,512100.SH,0.606,0.592,0.591,0.593,17179300
2019-02-22,512100.SH,0.606,0.591,0.589,0.606,14463400
2019-02-25,512100.SH,0.641,0.619,0.613,0.641,22252800
2019-02-26,512100.SH,0.655,0.645,0.631,0.64,34043300
2019-02-27,512100.SH,0.646,0.635,0.628,0.635,19649000
2019-02-28,512100.SH,0.644,0.635,0.633,0.638,10655400
2019-03-01,512100.SH,0.645,0.638,0.633,0.643,21661500
2019-03-04,512100.SH,0.668,0.646,0.646,0.657,29730600
2019-03-05,512100.SH,0.679,0.655,0.652,0.679,14686100
2019-03-06,512100.SH,0.7,0.682,0.673,0.694,52977100
2019-03-07,512100.SH,0.713,0.693,0.689,0.708,45650700
2019-03-08,512100.SH,0.711,0.699,0.676,0.683,53053800
2019-09-10,512100.SH,0.717,0.715,0.707,0.715,20329800
2019-09-11,512100.SH,0.719,0.719,0.706,0.707,15995100
2019-09-12,512100.SH,0.713,0.707,0.704,0.712,18957400
2019-09-16,512100.SH,0.718,0.715,0.708,0.713,15456100
2019-09-17,512100.SH,0.712,0.712,0.694,0.699,18196700
2019-09-18,512100.SH,0.7,0.697,0.694,0.697,12738500
2019-09-19,512100.SH,0.704,0.696,0.693,0.703,17529000
2019-09-20,512100.SH,0.707,0.705,0.701,0.704,9387200
2019-09-23,512100.SH,0.705,0.705,0.692,0.7,13010000
2019-09-24,512100.SH,0.707,0.698,0.697,0.701,22239800
2019-09-25,512100.SH,0.7,0.7,0.687,0.688,19992300
2019-09-26,512100.SH,0.69,0.69,0.666,0.666,24247100
2019-09-27,512100.SH,0.675,0.667,0.666,0.672,26020700
2019-09-30,512100.SH,0.674,0.674,0.663,0.663,24784500
2019-10-08,512100.SH,0.671,0.664,0.664,0.665,10766900
2019-10-09,512100.SH,0.672,0.665,0.66,0.671,14223100
2019-10-10,512100.SH,0.682,0.671,0.668,0.681,20058800
2019-10-11,512100.SH,0.685,0.684,0.676,0.682,15364600
2019-10-14,512100.SH,0.694,0.688,0.686,0.692,15837400
2019-10-15,512100.SH,0.69,0.69,0.681,0.683,21738600
2019-10-16,512100.SH,0.686,0.684,0.678,0.678,19380700
2019-10-17,512100.SH,0.681,0.679,0.676,0.678,14728900
2019-10-18,512100.SH,0.685,0.68,0.667,0.67,18744600
2019-10-21,512100.SH,0.675,0.672,0.66,0.666,22124700
2019-10-22,512100.SH,0.675,0.666,0.666,0.674,29876700
2019-10-23,512100.SH,0.675,0.675,0.667,0.669,15036800
2019-10-24,512100.SH,0.67,0.669,0.663,0.668,14012400
2019-10-25,512100.SH,0.675,0.668,0.663,0.673,24419100
2019-10-28,512100.SH,0.691,0.68,0.68,0.691,32714100
2019-10-29,512100.SH,0.695,0.695,0.682,0.683,34003400
2019-10-30,512100.SH,0.681,0.681,0.674,0.677,31653100
2019-10-31,512100.SH,0.677,0.677,0.668,0.669,17634500
2019-11-01,512100.SH,0.676,0.668,0.665,0.675,10178100
2019-11-04,512100.SH,0.683,0.675,0.675,0.679,23146000
2019-11-05,512100.SH,0.683,0.679,0.675,0.682,11371100
2019-11-06,512100.SH,0.682,0.682,0.672,0.675,16524700
2019-11-07,512100.SH,0.681,0.675,0.673,0.679,13754500
2019-11-08,512100.SH,0.685,0.684,0.677,0.679,42035400
2019-11-11,512100.SH,0.678,0.678,0.659,0.661,22680500
2019-11-12,512100.SH,0.664,0.664,0.653,0.662,19038900
2019-11-13,512100.SH,0.667,0.667,0.657,0.66,9187100
2019-11-14,512100.SH,0.666,0.66,0.659,0.663,14215400
2019-11-15,512100.SH,0.665,0.664,0.656,0.657,28028700
2019-11-18,512100.SH,0.662,0.655,0.653,0.661,24152300
2019-11-19,512100.SH,0.676,0.662,0.662,0.675,25630700
2019-11-20,512100.SH,0.676,0.675,0.669,0.669,24519400
2019-11-21,512100.SH,0.674,0.669,0.665,0.67,21479800
2019-11-22,512100.SH,0.677,0.668,0.658,0.662,21722400
2019-11-25,512100.SH,0.661,0.661,0.652,0.657,20956400
2019-11-26,512100.SH,0.661,0.656,0.655,0.657,13421400
2019-11-27,512100.SH,0.66,0.657,0.653,0.658,20607800
2019-11-28,512100.SH,0.66,0.658,0.655,0.656,17861600
2019-11-29,512100.SH,0.657,0.656,0.65,0.655,22122500
2019-12-02,512100.SH,0.66,0.656,0.655,0.657,13226900
2019-12-03,512100.SH,0.661,0.656,0.651,0.661,14746300
2019-12-04,512100.SH,0.663,0.66,0.656,0.662,18391500
2019-12-05,512100.SH,0.671,0.664,0.662,0.668,21466300
2019-12-06,512100.SH,0.674,0.669,0.668,0.674,14868600
2019-12-09,512100.SH,0.677,0.675,0.673,0.674,28753600
2019-12-10,512100.SH,0.68,0.674,0.671,0.678,20970500
2019-12-11,512100.SH,0.68,0.68,0.676,0.676,25428600
2019-12-12,512100.SH,0.681,0.677,0.676,0.676,30149500
2019-12-13,512100.SH,0.687,0.681,0.68,0.687,21426800
2019-12-16,512100.SH,0.7,0.689,0.687,0.699,29675600
2019-12-17,512100.SH,0.71,0.701,0.699,0.707,24102200
2019-12-18,512100.SH,0.713,0.706,0.704,0.707,22065700
2019-12-19,512100.SH,0.713,0.708,0.707,0.713,23498500
2019-12-20,512100.SH,0.713,0.711,0.703,0.703,20241500
2019-12-23,512100.SH,0.703,0.703,0.686,0.686,27095900
2019-12-24,512100.SH,0.7,0.687,0.687,0.7,34697300
2019-12-25,512100.SH,0.705,0.697,0.697,0.705,21848500
2019-12-26,512100.SH,0.711,0.705,0.703,0.711,24610300
2019-12-27,512100.SH,0.714,0.71,0.703,0.705,22518800
2019-12-30,512100.SH,0.71,0.705,0.693,0.71,24847700
2019-12-31,512100.SH,0.715,0.709,0.705,0.714,9925500
2019-03-11,512100.SH,0.708,0.674,0.674,0.707,38649500
2019-03-12,512100.SH,0.727,0.711,0.708,0.723,44321200
2019-03-13,512100.SH,0.726,0.719,0.697,0.703,30862500
2019-03-14,512100.SH,0.703,0.693,0.673,0.682,27439600
2019-03-15,512100.SH,0.698,0.684,0.684,0.692,25965700
2019-03-18,512100.SH,0.71,0.692,0.687,0.709,20955100
2019-03-19,512100.SH,0.715,0.712,0.705,0.71,25487600
2019-03-20,512100.SH,0.712,0.709,0.694,0.708,24556000
2019-03-21,512100.SH,0.724,0.707,0.707,0.719,33679536
2019-03-22,512100.SH,0.722,0.718,0.705,0.721,18325500
2019-03-25,512100.SH,0.724,0.71,0.705,0.715,14708900
2019-03-26,512100.SH,0.72,0.716,0.691,0.694,30579100
2019-03-27,512100.SH,0.701,0.696,0.683,0.699,33312264
2019-03-28,512100.SH,0.704,0.698,0.688,0.689,25847900
2019-03-29,512100.SH,0.711,0.689,0.683,0.71,29030600
2019-04-01,512100.SH,0.739,0.714,0.713,0.739,36586500
2019-04-02,512100.SH,0.75,0.739,0.736,0.743,30330900
2019-04-03,512100.SH,0.749,0.742,0.731,0.749,22928400
2019-04-04,512100.SH,0.756,0.75,0.744,0.753,27757000
2019-04-08,512100.SH,0.766,0.755,0.735,0.746,31593600
2019-04-09,512100.SH,0.751,0.741,0.739,0.749,23173500
2019-04-10,512100.SH,0.755,0.748,0.739,0.747,31614600
2019-04-11,512100.SH,0.749,0.747,0.73,0.731,26095400
2019-04-12,512100.SH,0.735,0.732,0.727,0.733,31887500
2019-04-15,512100.SH,0.746,0.74,0.725,0.727,22599000
2019-04-16,512100.SH,0.743,0.723,0.717,0.742,25807700
2019-04-17,512100.SH,0.753,0.74,0.739,0.749,29014100
2019-04-18,512100.SH,0.752,0.743,0.742,0.745,30045100
2019-04-19,512100.SH,0.752,0.74,0.736,0.752,29842600
2019-04-22,512100.SH,0.752,0.748,0.739,0.742,26025400
2019-04-23,512100.SH,0.742,0.742,0.726,0.729,26679200
2019-04-24,512100.SH,0.739,0.733,0.722,0.738,24479100
2019-04-25,512100.SH,0.737,0.735,0.706,0.708,31783200
2019-04-26,512100.SH,0.71,0.708,0.699,0.7,28297500
2019-04-29,512100.SH,0.707,0.706,0.673,0.675,32903400
2019-04-30,512100.SH,0.687,0.675,0.672,0.682,30014900
2019-05-06,512100.SH,0.68,0.645,0.622,0.626,40497300
2019-05-07,512100.SH,0.644,0.63,0.626,0.637,31240300
2019-05-08,512100.SH,0.646,0.625,0.619,0.636,39252400
2019-05-09,512100.SH,0.638,0.636,0.618,0.63,14672600
2019-05-10,512100.SH,0.655,0.64,0.624,0.655,34920300
2019-05-13,512100.SH,0.654,0.645,0.639,0.648,14623700
2019-05-14,512100.SH,0.652,0.641,0.634,0.645,21534300
2019-05-15,512100.SH,0.662,0.649,0.649,0.66,16305700
2019-05-16,512100.SH,0.666,0.66,0.658,0.664,17121600
2019-05-17,512100.SH,0.666,0.665,0.638,0.642,21044700
2019-05-20,512100.SH,0.641,0.637,0.626,0.639,24634300
2019-05-21,512100.SH,0.654,0.64,0.635,0.651,31005800
2019-05-22,512100.SH,0.655,0.652,0.643,0.65,15403700
2019-05-23,512100.SH,0.647,0.645,0.632,0.635,14983400
2019-05-24,512100.SH,0.636,0.63,0.625,0.627,20627800
2019-05-27,512100.SH,0.647,0.628,0.624,0.646,23679400
2019-05-28,512100.SH,0.653,0.645,0.64,0.645,27875000
2019-05-29,512100.SH,0.653,0.645,0.643,0.647,9119900
2019-05-30,512100.SH,0.645,0.643,0.635,0.644,16636900
2019-05-31,512100.SH,0.65,0.644,0.641,0.643,8943300
2019-06-03,512100.SH,0.647,0.646,0.63,0.635,29518400
2019-06-04,512100.SH,0.635,0.635,0.62,0.622,29603900
2019-06-05,512100.SH,0.633,0.627,0.622,0.624,6172100
2019-06-06,512100.SH,0.628,0.627,0.606,0.608,28595200
2019-06-10,512100.SH,0.618,0.609,0.607,0.616,21480800
2019-06-11,512100.SH,0.64,0.616,0.615,0.64,36320900
2019-06-12,512100.SH,0.643,0.642,0.634,0.635,13639000
2019-06-13,512100.SH,0.642,0.632,0.632,0.639,27466300
2019-06-14,512100.SH,0.642,0.639,0.624,0.625,18771400
2019-06-17,512100.SH,0.628,0.627,0.621,0.624,25445300
2019-06-18,512100.SH,0.627,0.623,0.62,0.624,5121500
2019-06-19,512100.SH,0.645,0.64,0.632,0.633,28539800
2019-06-20,512100.SH,0.648,0.632,0.629,0.644,42486300
2019-06-21,512100.SH,0.668,0.668,0.647,0.656,107257400
2019-06-24,512100.SH,0.658,0.656,0.65,0.654,30338600
2019-06-25,512100.SH,0.654,0.654,0.64,0.648,37353800
2019-06-26,512100.SH,0.653,0.644,0.64,0.648,19095700
2019-06-27,512100.SH,0.657,0.648,0.648,0.654,26568400
2019-06-28,512100.SH,0.655,0.655,0.641,0.644,19627500
2019-07-01,512100.SH,0.665,0.656,0.653,0.665,41666400
2019-07-02,512100.SH,0.667,0.665,0.661,0.665,17872600
2019-07-03,512100.SH,0.663,0.661,0.656,0.659,22573700
2019-07-04,512100.SH,0.662,0.659,0.652,0.656,22479400
2019-07-05,512100.SH,0.66,0.656,0.653,0.659,26812800
2019-07-08,512100.SH,0.657,0.648,0.633,0.636,25049100
2019-07-09,512100.SH,0.64,0.635,0.633,0.639,32562900
2019-07-10,512100.SH,0.641,0.635,0.631,0.634,14408400
2019-07-11,512100.SH,0.641,0.635,0.63,0.633,17741700
2019-07-12,512100.SH,0.637,0.632,0.63,0.635,34133300
2019-07-15,512100.SH,0.643,0.632,0.626,0.64,15708600
2019-07-16,512100.SH,0.644,0.639,0.637,0.643,12402500
2019-07-17,512100.SH,0.647,0.641,0.64,0.644,10843400
2019-07-18,512100.SH,0.644,0.644,0.633,0.634,19669200
2019-07-19,512100.SH,0.643,0.634,0.634,0.64,78673700
2019-07-22,512100.SH,0.643,0.64,0.62,0.625,288298900
2019-07-23,512100.SH,0.638,0.626,0.626,0.638,209406200
2019-07-24,512100.SH,0.651,0.64,0.64,0.645,112965100
2019-07-25,512100.SH,0.651,0.645,0.645,0.65,51638300
2019-07-26,512100.SH,0.651,0.65,0.646,0.651,8921800
2019-07-29,512100.SH,0.653,0.648,0.647,0.65,8769200
2019-07-30,512100.SH,0.657,0.647,0.647,0.653,22163400
2019-07-31,512100.SH,0.652,0.651,0.647,0.648,15720200
2019-08-01,512100.SH,0.65,0.646,0.643,0.645,19801700
2019-08-02,512100.SH,0.637,0.635,0.629,0.636,22907500
2019-08-05,512100.SH,0.64,0.632,0.627,0.627,24468900
2019-08-06,512100.SH,0.623,0.623,0.598,0.612,30774500
2019-08-07,512100.SH,0.618,0.614,0.611,0.611,21488200
2019-08-08,512100.SH,0.621,0.613,0.613,0.619,149779300
2019-08-09,512100.SH,0.626,0.623,0.615,0.616,45471300
2019-08-12,512100.SH,0.627,0.617,0.614,0.626,48884800
2019-08-13,512100.SH,0.626,0.622,0.621,0.624,23988300
2019-08-14,512100.SH,0.633,0.628,0.628,0.629,19239900
2019-08-15,512100.SH,0.632,0.619,0.613,0.631,23528700
2019-08-16,512100.SH,0.64,0.629,0.629,0.636,26062000
2019-08-19,512100.SH,0.657,0.64,0.64,0.657,29977000
2019-08-20,512100.SH,0.663,0.657,0.654,0.656,20744200
2019-08-21,512100.SH,0.659,0.656,0.654,0.657,9140300
2019-08-22,512100.SH,0.66,0.657,0.653,0.66,25030200
2019-08-23,512100.SH,0.662,0.66,0.656,0.658,11115700
2019-08-26,512100.SH,0.657,0.646,0.645,0.655,13724900
2019-08-27,512100.SH,0.67,0.664,0.655,0.668,25897800
2019-08-28,512100.SH,0.669,0.667,0.661,0.665,14890100
2019-08-29,512100.SH,0.67,0.668,0.665,0.666,13780200
2019-08-30,512100.SH,0.67,0.667,0.654,0.658,25994900
2019-09-02,512100.SH,0.675,0.658,0.655,0.674,23946600
2019-09-03,512100.SH,0.679,0.673,0.673,0.679,18948700
2019-09-04,512100.SH,0.686,0.676,0.676,0.686,17085400
2019-09-05,512100.SH,0.7,0.69,0.683,0.69,25677800
2019-09-06,512100.SH,0.696,0.692,0.689,0.694,13730900
2019-09-09,512100.SH,0.715,0.702,0.697,0.715,19625300
2020-01-02,512100.SH,0.729,0.721,0.716,0.728,31463200
2020-01-03,512100.SH,0.732,0.73,0.726,0.731,12126300
2020-01-06,512100.SH,0.744,0.728,0.725,0.738,19979200
2020-01-07,512100.SH,0.75,0.736,0.736,0.75,15032100
2020-01-08,512100.SH,0.752,0.745,0.737,0.741,16564200
2020-01-09,512100.SH,0.752,0.746,0.745,0.751,22762800
2020-01-10,512100.SH,0.754,0.752,0.746,0.75,19954800
2020-01-13,512100.SH,0.76,0.75,0.745,0.76,16350300
2020-01-14,512100.SH,0.763,0.762,0.757,0.758,17012400
2020-01-15,512100.SH,0.76,0.758,0.744,0.757,16642500
2020-01-16,512100.SH,0.761,0.759,0.756,0.758,20825200
2020-01-17,512100.SH,0.761,0.758,0.753,0.754,29162400
2020-01-20,512100.SH,0.765,0.754,0.753,0.765,17305500
2020-01-21,512100.SH,0.765,0.765,0.757,0.757,28296700
2020-01-22,512100.SH,0.764,0.754,0.743,0.762,23193800
2020-01-23,512100.SH,0.759,0.759,0.726,0.735,34990600
2020-02-03,512100.SH,0.685,0.668,0.662,0.662,17787500
2020-02-04,512100.SH,0.695,0.658,0.658,0.671,17813500
2020-02-05,512100.SH,0.7,0.67,0.67,0.694,28667100
2020-02-06,512100.SH,0.716,0.695,0.687,0.713,20693600
2020-02-07,512100.SH,0.722,0.708,0.708,0.72,22011000
2020-02-10,512100.SH,0.732,0.714,0.714,0.73,19613600
2020-02-11,512100.SH,0.731,0.73,0.722,0.728,18719100
2020-02-12,512100.SH,0.745,0.727,0.724,0.745,15398400
2020-02-13,512100.SH,0.748,0.741,0.738,0.741,19890700
2020-02-14,512100.SH,0.751,0.74,0.735,0.744,22943100
2020-02-17,512100.SH,0.773,0.745,0.745,0.772,29328300
2020-02-18,512100.SH,0.792,0.774,0.772,0.792,30070800
2020-02-19,512100.SH,0.795,0.792,0.782,0.786,35957500
2020-02-20,512100.SH,0.799,0.785,0.777,0.798,23626500
2020-02-21,512100.SH,0.818,0.797,0.796,0.816,30861800
2020-02-24,512100.SH,0.837,0.813,0.812,0.832,53501500
2020-02-25,512100.SH,0.838,0.818,0.794,0.836,41236600
2020-02-26,512100.SH,0.832,0.816,0.806,0.809,26492500
2020-02-27,512100.SH,0.82,0.812,0.798,0.809,29941600
2020-02-28,512100.SH,0.791,0.789,0.758,0.759,45558800
2020-03-02,512100.SH,0.801,0.764,0.761,0.8,38019900
2020-03-03,512100.SH,0.824,0.815,0.798,0.806,31023600
2020-08-13,512100.SH,0.964,0.954,0.954,0.958,10383000
2020-08-14,512100.SH,0.972,0.959,0.951,0.972,10416700
2020-08-17,512100.SH,0.995,0.972,0.971,0.993,19247300
2020-08-18,512100.SH,1.003,0.996,0.992,1.003,14902300
2020-08-19,512100.SH,1.002,1.002,0.98,0.984,12990400
2020-08-20,512100.SH,0.983,0.983,0.965,0.969,11022100
2020-08-21,512100.SH,0.983,0.972,0.97,0.978,38268900
2020-08-24,512100.SH,0.993,0.98,0.97,0.989,42545800
2020-08-25,512100.SH,0.998,0.993,0.986,0.99,13578300
2020-08-26,512100.SH,0.989,0.989,0.961,0.964,14232200
2020-08-27,512100.SH,0.978,0.968,0.96,0.977,15270700
2020-08-28,512100.SH,0.991,0.974,0.971,0.991,18331900
2020-08-31,512100.SH,1.003,0.996,0.991,0.991,19438100
2020-09-01,512100.SH,0.997,0.993,0.986,0.997,13322700
2020-09-02,512100.SH,1.004,0.998,0.99,1.001,16869100
2020-09-03,512100.SH,1.002,1.001,0.986,0.99,10972200
2020-09-04,512100.SH,0.99,0.982,0.973,0.99,13530200
2020-09-07,512100.SH,0.997,0.988,0.968,0.971,13200900
2020-09-08,512100.SH,0.98,0.97,0.963,0.98,13769400
2020-09-09,512100.SH,0.975,0.975,0.946,0.948,16883500
2020-09-10,512100.SH,0.955,0.953,0.912,0.917,14622000
2020-09-11,512100.SH,0.932,0.912,0.911,0.931,13764200
2020-09-14,512100.SH,0.949,0.934,0.931,0.943,9659100
2020-09-15,512100.SH,0.951,0.944,0.941,0.95,12943800
2020-09-16,512100.SH,0.95,0.95,0.936,0.942,12255700
2020-09-17,512100.SH,0.954,0.942,0.934,0.947,27726000
2020-09-18,512100.SH,0.963,0.948,0.946,0.963,14474900
2020-09-21,512100.SH,0.968,0.963,0.96,0.963,13447600
2020-09-22,512100.SH,0.962,0.957,0.942,0.944,30598100
2020-09-23,512100.SH,0.956,0.946,0.94,0.954,27223900
2020-09-24,512100.SH,0.949,0.949,0.927,0.929,63029800
2020-09-25,512100.SH,0.947,0.93,0.918,0.924,52253700
2020-09-28,512100.SH,0.925,0.922,0.911,0.913,20273700
2020-09-29,512100.SH,0.926,0.912,0.912,0.922,27118200
2020-09-30,512100.SH,0.926,0.922,0.912,0.917,90736800
2020-10-09,512100.SH,0.947,0.926,0.926,0.944,101547800
2020-10-12,512100.SH,0.978,0.945,0.945,0.977,60864600
2020-10-13,512100.SH,0.982,0.978,0.969,0.981,46478900
2020-10-14,512100.SH,0.981,0.981,0.969,0.971,19787300
2020-10-15,512100.SH,0.973,0.971,0.963,0.963,9131400
2020-10-16,512100.SH,0.972,0.964,0.951,0.961,13864300
2020-10-19,512100.SH,0.967,0.964,0.951,0.954,20070500
2020-10-20,512100.SH,0.965,0.954,0.945,0.965,23426300
2020-10-21,512100.SH,0.966,0.965,0.945,0.951,25574900
2020-10-22,512100.SH,0.952,0.952,0.935,0.945,21705900
2020-10-23,512100.SH,0.95,0.945,0.923,0.928,24151500
2020-10-26,512100.SH,0.93,0.928,0.911,0.927,25221100
2020-10-27,512100.SH,0.934,0.922,0.922,0.934,26101300
2020-10-28,512100.SH,0.935,0.934,0.917,0.933,28732000
2020-10-29,512100.SH,0.936,0.916,0.915,0.934,24416600
2020-10-30,512100.SH,0.936,0.935,0.909,0.91,25336200
2020-11-02,512100.SH,0.92,0.92,0.903,0.91,25935800
2020-11-03,512100.SH,0.931,0.911,0.911,0.93,34714100
2020-11-04,512100.SH,0.934,0.933,0.919,0.925,31657600
2020-11-05,512100.SH,0.945,0.93,0.93,0.943,29750200
2020-11-06,512100.SH,0.946,0.941,0.928,0.935,34733100
2020-11-09,512100.SH,0.962,0.939,0.939,0.958,38135500
2020-11-10,512100.SH,0.962,0.962,0.943,0.948,31770300
2020-11-11,512100.SH,0.949,0.949,0.932,0.932,31311300
2020-11-12,512100.SH,0.94,0.931,0.931,0.935,29488900
2020-11-13,512100.SH,0.94,0.934,0.928,0.937,31169300
2020-11-16,512100.SH,0.949,0.938,0.935,0.949,28086800
2020-11-17,512100.SH,0.947,0.946,0.931,0.937,35070500
2020-11-18,512100.SH,0.944,0.938,0.934,0.939,28963700
2020-11-19,512100.SH,0.945,0.934,0.931,0.944,27857500
2020-11-20,512100.SH,0.953,0.944,0.94,0.951,35007900
2020-11-23,512100.SH,0.961,0.951,0.946,0.959,39108900
2020-11-24,512100.SH,0.959,0.959,0.954,0.955,27633400
2020-11-25,512100.SH,0.958,0.956,0.94,0.94,27359200
2020-11-26,512100.SH,0.942,0.94,0.928,0.933,35224400
2020-11-27,512100.SH,0.936,0.934,0.925,0.936,26196800
2020-11-30,512100.SH,0.939,0.935,0.926,0.931,31535500
2020-12-01,512100.SH,0.945,0.931,0.926,0.945,30313600
2020-12-02,512100.SH,0.948,0.945,0.941,0.946,28307700
2020-12-03,512100.SH,0.948,0.943,0.938,0.944,22781100
2020-12-04,512100.SH,0.953,0.943,0.94,0.952,32428100
2020-12-07,512100.SH,0.954,0.954,0.947,0.949,23103700
2020-12-08,512100.SH,0.951,0.95,0.946,0.947,29647700
2020-12-09,512100.SH,0.947,0.947,0.929,0.931,20795900
2020-12-10,512100.SH,0.936,0.931,0.924,0.931,25401300
2020-12-11,512100.SH,0.933,0.93,0.909,0.918,29393200
2020-12-14,512100.SH,0.928,0.916,0.91,0.926,33794900
2020-12-15,512100.SH,0.93,0.925,0.923,0.929,21324900
2020-12-16,512100.SH,0.929,0.926,0.92,0.92,18007800
2020-12-17,512100.SH,0.932,0.92,0.912,0.93,27010200
2020-12-18,512100.SH,0.934,0.929,0.925,0.928,28885000
2020-12-21,512100.SH,0.945,0.928,0.926,0.944,35552400
2020-12-22,512100.SH,0.944,0.944,0.925,0.926,55524400
2020-12-23,512100.SH,0.94,0.94,0.924,0.932,72641000
2020-12-24,512100.SH,0.932,0.932,0.917,0.921,48058400
2020-12-25,512100.SH,0.929,0.922,0.913,0.925,131644000
2020-12-28,512100.SH,0.926,0.923,0.915,0.922,28841600
2020-12-29,512100.SH,0.927,0.921,0.915,0.917,29457000
2020-12-30,512100.SH,0.922,0.916,0.911,0.919,30098400
2020-12-31,512100.SH,0.939,0.924,0.921,0.938,91833900
2020-03-04,512100.SH,0.812,0.797,0.792,0.81,35316500
2020-03-05,512100.SH,0.825,0.821,0.814,0.824,27261200
2020-03-06,512100.SH,0.825,0.815,0.812,0.819,18755200
2020-03-09,512100.SH,0.808,0.804,0.785,0.786,18693700
2020-03-10,512100.SH,0.807,0.78,0.764,0.807,19139100
2020-03-11,512100.SH,0.815,0.809,0.795,0.796,16955500
2020-03-12,512100.SH,0.8,0.788,0.77,0.778,17914055
2020-03-13,512100.SH,0.781,0.758,0.739,0.773,21048100
2020-03-16,512100.SH,0.779,0.776,0.733,0.735,24422600
2020-03-17,512100.SH,0.746,0.742,0.71,0.734,46800300
2020-03-18,512100.SH,0.752,0.736,0.722,0.723,39148100
2020-03-19,512100.SH,0.734,0.717,0.709,0.73,23967100
2020-03-20,512100.SH,0.74,0.736,0.725,0.74,19143300
2020-03-23,512100.SH,0.726,0.72,0.702,0.707,18882300
2020-03-24,512100.SH,0.727,0.718,0.697,0.718,18994400
2020-03-25,512100.SH,0.736,0.731,0.722,0.735,20531100
2020-03-26,512100.SH,0.737,0.725,0.725,0.729,10432800
2020-03-27,512100.SH,0.737,0.736,0.722,0.725,12333800
2020-03-30,512100.SH,0.721,0.72,0.698,0.705,18633600
2020-03-31,512100.SH,0.713,0.713,0.704,0.705,18750700
2020-04-01,512100.SH,0.714,0.705,0.702,0.703,18631500
2020-04-02,512100.SH,0.721,0.699,0.699,0.721,11896400
2020-04-03,512100.SH,0.723,0.721,0.712,0.716,8289100
2020-04-07,512100.SH,0.742,0.728,0.727,0.742,18446400
2020-04-08,512100.SH,0.747,0.74,0.736,0.743,9062100
2020-04-09,512100.SH,0.755,0.745,0.745,0.752,17229300
2020-04-10,512100.SH,0.754,0.754,0.732,0.74,27661000
2020-04-13,512100.SH,0.733,0.733,0.723,0.727,17036200
2020-04-14,512100.SH,0.741,0.728,0.728,0.741,22172100
2020-04-15,512100.SH,0.745,0.741,0.735,0.735,17438900
2020-04-16,512100.SH,0.745,0.735,0.731,0.743,13034600
2020-04-17,512100.SH,0.75,0.746,0.742,0.744,12552000
2020-04-20,512100.SH,0.758,0.745,0.745,0.758,21273700
2020-04-21,512100.SH,0.755,0.751,0.745,0.752,13530400
2020-04-22,512100.SH,0.76,0.749,0.744,0.759,13842600
2020-04-23,512100.SH,0.762,0.76,0.754,0.755,11943900
2020-04-24,512100.SH,0.755,0.755,0.737,0.743,15128100
2020-04-27,512100.SH,0.743,0.742,0.734,0.737,11317800
2020-04-28,512100.SH,0.738,0.737,0.705,0.727,18847700
2020-04-29,512100.SH,0.732,0.726,0.721,0.727,9609200
2020-04-30,512100.SH,0.746,0.728,0.728,0.745,15470700
2020-05-06,512100.SH,0.76,0.737,0.737,0.759,15088200
2020-05-07,512100.SH,0.764,0.753,0.753,0.758,10061700
2020-05-08,512100.SH,0.771,0.76,0.76,0.768,11155400
2020-05-11,512100.SH,0.774,0.769,0.762,0.766,8716000
2020-05-12,512100.SH,0.768,0.766,0.757,0.768,14500200
2020-05-13,512100.SH,0.775,0.766,0.763,0.774,8906000
2020-05-14,512100.SH,0.775,0.774,0.767,0.768,5757900
2020-05-15,512100.SH,0.776,0.769,0.767,0.772,8021300
2020-05-18,512100.SH,0.775,0.772,0.765,0.767,9069800
2020-05-19,512100.SH,0.779,0.77,0.77,0.779,13251100
2020-05-20,512100.SH,0.779,0.779,0.768,0.773,19336100
2020-05-21,512100.SH,0.773,0.773,0.758,0.76,15347600
2020-05-22,512100.SH,0.76,0.76,0.743,0.746,9291700
2020-05-25,512100.SH,0.748,0.745,0.741,0.746,10382600
2020-05-26,512100.SH,0.763,0.747,0.746,0.763,13650600
2020-05-27,512100.SH,0.764,0.763,0.755,0.758,13035200
2020-05-28,512100.SH,0.76,0.757,0.746,0.756,8453000
2020-05-29,512100.SH,0.768,0.752,0.75,0.765,9500800
2020-06-01,512100.SH,0.79,0.766,0.761,0.79,14019600
2020-06-02,512100.SH,0.794,0.791,0.786,0.789,10391300
2020-06-03,512100.SH,0.795,0.795,0.788,0.788,13634500
2020-06-04,512100.SH,0.794,0.789,0.787,0.793,16533900
2020-06-05,512100.SH,0.794,0.793,0.784,0.792,9766400
2020-06-08,512100.SH,0.798,0.795,0.79,0.792,12694400
2020-06-09,512100.SH,0.797,0.792,0.789,0.797,22748400
2020-06-10,512100.SH,0.796,0.795,0.79,0.796,10151800
2020-06-11,512100.SH,0.805,0.796,0.79,0.794,24220900
2020-06-12,512100.SH,0.797,0.784,0.778,0.795,12315300
2020-06-15,512100.SH,0.805,0.795,0.793,0.795,21736800
2020-06-16,512100.SH,0.811,0.797,0.797,0.811,16647300
2020-06-17,512100.SH,0.815,0.81,0.807,0.814,19084500
2020-06-18,512100.SH,0.814,0.814,0.809,0.812,19999100
2020-06-19,512100.SH,0.82,0.812,0.811,0.819,24564800
2020-06-22,512100.SH,0.825,0.821,0.82,0.823,10623600
2020-06-23,512100.SH,0.825,0.825,0.819,0.825,23314600
2020-06-24,512100.SH,0.827,0.825,0.819,0.822,12287600
2020-06-29,512100.SH,0.823,0.823,0.816,0.821,8168100
2020-06-30,512100.SH,0.835,0.821,0.821,0.833,9691200
2020-07-01,512100.SH,0.84,0.835,0.828,0.838,13460400
2020-07-02,512100.SH,0.848,0.838,0.835,0.848,15520900
2020-07-03,512100.SH,0.859,0.849,0.845,0.859,24244800
2020-07-06,512100.SH,0.9,0.868,0.863,0.895,27572200
2020-07-07,512100.SH,0.92,0.905,0.896,0.906,22038200
2020-07-08,512100.SH,0.926,0.898,0.898,0.924,18382299
2020-07-09,512100.SH,0.957,0.928,0.925,0.956,38805200
2020-07-10,512100.SH,0.964,0.949,0.946,0.953,26722700
2020-07-13,512100.SH,1.0,0.945,0.945,0.999,29101600
2020-07-14,512100.SH,0.996,0.995,0.961,0.984,32909300
2020-07-15,512100.SH,0.996,0.973,0.944,0.951,25471000
2020-07-16,512100.SH,0.959,0.947,0.9,0.904,22194600
2020-07-17,512100.SH,0.925,0.904,0.895,0.909,23846400
2020-07-20,512100.SH,0.939,0.915,0.908,0.939,22423100
2020-07-21,512100.SH,0.95,0.941,0.937,0.946,15501600
2020-07-22,512100.SH,0.964,0.946,0.942,0.956,16050500
2020-07-23,512100.SH,0.957,0.946,0.929,0.955,15847200
2020-07-24,512100.SH,0.959,0.95,0.907,0.91,17523700
2020-07-27,512100.SH,0.918,0.906,0.901,0.911,13421700
2020-07-28,512100.SH,0.925,0.915,0.913,0.921,14719600
2020-07-29,512100.SH,0.951,0.92,0.916,0.95,15180200
2020-07-30,512100.SH,0.955,0.952,0.943,0.947,13007900
2020-07-31,512100.SH,0.964,0.947,0.939,0.963,15802600
2020-08-03,512100.SH,0.996,0.968,0.968,0.995,17458645
2020-08-04,512100.SH,1.006,1.0,0.983,0.99,33157800
2020-08-05,512100.SH,1.0,0.988,0.979,0.998,16959800
2020-08-06,512100.SH,1.006,1.006,0.982,1.004,25223500
2020-08-07,512100.SH,1.0,1.0,0.97,0.988,31289600
2020-08-10,512100.SH,0.999,0.983,0.98,0.993,17020000
2020-08-11,512100.SH,0.995,0.993,0.968,0.97,18375900
2020-08-12,512100.SH,0.97,0.97,0.931,0.954,15299400
2021-01-04,512100.SH,0.959,0.94,0.938,0.956,112152000
2021-01-05,512100.SH,0.961,0.954,0.947,0.958,68144800
2021-01-06,512100.SH,0.96,0.953,0.941,0.948,52201100
2021-01-07,512100.SH,0.948,0.948,0.924,0.933,61505000
2021-01-08,512100.SH,0.94,0.932,0.921,0.928,48041000
2021-01-11,512100.SH,0.929,0.922,0.908,0.912,52583200
2021-01-12,512100.SH,0.931,0.912,0.906,0.93,52862875
2021-01-13,512100.SH,0.931,0.93,0.914,0.919,41738025
2021-01-14,512100.SH,0.928,0.919,0.908,0.918,98221100
2021-01-15,512100.SH,0.925,0.918,0.908,0.923,66218600
2021-01-18,512100.SH,0.945,0.92,0.919,0.943,63856200
2021-01-19,512100.SH,0.948,0.947,0.931,0.934,61420500
2021-01-20,512100.SH,0.941,0.938,0.93,0.939,55605000
2021-01-21,512100.SH,0.955,0.936,0.936,0.95,57680500
2021-01-22,512100.SH,0.951,0.951,0.94,0.948,56417600
2021-01-25,512100.SH,0.95,0.95,0.937,0.938,45488600
2021-01-26,512100.SH,0.939,0.935,0.923,0.925,41450800
2021-01-27,512100.SH,0.926,0.925,0.912,0.924,45719500
2021-01-28,512100.SH,0.927,0.916,0.906,0.906,73051100
2021-01-29,512100.SH,0.914,0.912,0.881,0.893,64475400
2021-02-01,512100.SH,0.9,0.893,0.889,0.899,32510700
2021-02-02,512100.SH,0.907,0.901,0.892,0.907,49600400
2021-02-03,512100.SH,0.908,0.907,0.892,0.893,38925700
2021-02-04,512100.SH,0.89,0.888,0.861,0.874,68098100
2021-02-05,512100.SH,0.879,0.873,0.857,0.858,59388455
2021-02-08,512100.SH,0.868,0.86,0.8,0.862,61163745
2021-02-09,512100.SH,0.89,0.862,0.861,0.889,84550400
2021-02-10,512100.SH,0.895,0.89,0.883,0.894,73997300
2021-02-18,512100.SH,0.915,0.908,0.901,0.913,92454600
2021-02-19,512100.SH,0.93,0.912,0.904,0.929,91303400
2021-02-22,512100.SH,0.947,0.936,0.925,0.93,216618000
2021-02-23,512100.SH,0.929,0.916,0.912,0.92,129466445
2021-02-24,512100.SH,0.928,0.915,0.904,0.914,145579200
2021-02-25,512100.SH,0.923,0.922,0.905,0.91,88858000
2021-02-26,512100.SH,0.905,0.899,0.891,0.896,88954200
2021-03-01,512100.SH,0.921,0.897,0.897,0.92,117446400
2021-03-02,512100.SH,0.926,0.925,0.91,0.92,136784800
2021-03-03,512100.SH,0.931,0.919,0.914,0.931,100741200
2021-03-04,512100.SH,0.928,0.921,0.91,0.916,188474700
2021-03-05,512100.SH,0.92,0.906,0.902,0.917,109825244
2021-03-08,512100.SH,0.925,0.924,0.893,0.894,106500700
2021-08-16,512100.SH,1.11,1.11,1.095,1.098,209819500
2021-08-17,512100.SH,1.1,1.094,1.065,1.067,220034816
2021-08-18,512100.SH,1.081,1.068,1.065,1.078,249362284
2021-08-19,512100.SH,1.09,1.073,1.064,1.087,211215800
2021-08-20,512100.SH,1.092,1.083,1.068,1.091,228224267
2021-08-23,512100.SH,1.116,1.092,1.09,1.113,279976810
2021-08-24,512100.SH,1.129,1.12,1.106,1.124,228413759
2021-08-25,512100.SH,1.127,1.122,1.113,1.127,219959900
2021-08-26,512100.SH,1.129,1.124,1.111,1.113,212277000
2021-08-27,512100.SH,1.119,1.109,1.101,1.116,261876800
2021-08-30,512100.SH,1.135,1.115,1.115,1.121,274933900
2021-08-31,512100.SH,1.124,1.119,1.11,1.124,259163800
2021-09-01,512100.SH,1.126,1.125,1.087,1.103,233288800
2021-09-02,512100.SH,1.12,1.101,1.094,1.12,200945400
2021-09-03,512100.SH,1.13,1.123,1.096,1.108,257459400
2021-09-06,512100.SH,1.126,1.108,1.095,1.124,207151000
2021-09-07,512100.SH,1.148,1.123,1.12,1.145,239744500
2021-09-08,512100.SH,1.153,1.144,1.142,1.152,200820400
2021-09-09,512100.SH,1.151,1.148,1.137,1.146,164757900
2021-09-10,512100.SH,1.156,1.146,1.137,1.154,255626827
2021-09-13,512100.SH,1.157,1.15,1.145,1.155,146898000
2021-09-14,512100.SH,1.17,1.155,1.147,1.15,187254800
2021-09-15,512100.SH,1.161,1.145,1.141,1.16,165956087
2021-09-16,512100.SH,1.168,1.165,1.123,1.124,297108000
2021-09-17,512100.SH,1.132,1.121,1.098,1.126,300067158
2021-09-22,512100.SH,1.132,1.114,1.111,1.131,166636911
2021-09-23,512100.SH,1.142,1.135,1.13,1.134,171846000
2021-09-24,512100.SH,1.134,1.134,1.114,1.118,209797786
2021-09-27,512100.SH,1.122,1.115,1.073,1.082,230207000
2021-09-28,512100.SH,1.089,1.081,1.076,1.084,160132600
2021-09-29,512100.SH,1.078,1.075,1.046,1.049,164413500
2021-09-30,512100.SH,1.076,1.051,1.05,1.074,165936200
2021-10-08,512100.SH,1.092,1.083,1.073,1.08,131994800
2021-10-11,512100.SH,1.08,1.075,1.066,1.073,147640000
2021-10-12,512100.SH,1.07,1.068,1.034,1.046,156593300
2021-10-13,512100.SH,1.06,1.041,1.038,1.058,131922356
2021-10-14,512100.SH,1.071,1.05,1.05,1.067,144108600
2021-10-15,512100.SH,1.071,1.064,1.058,1.068,103673200
2021-10-18,512100.SH,1.079,1.062,1.062,1.078,130704200
2021-10-19,512100.SH,1.091,1.077,1.073,1.09,132473200
2021-10-20,512100.SH,1.097,1.086,1.081,1.094,159664812
2021-10-21,512100.SH,1.096,1.091,1.084,1.086,132672300
2021-10-22,512100.SH,1.093,1.086,1.077,1.079,200217300
2021-10-25,512100.SH,1.095,1.081,1.076,1.095,130327300
2021-10-26,512100.SH,1.102,1.096,1.087,1.093,122191200
2021-10-27,512100.SH,1.089,1.088,1.075,1.081,137241500
2021-10-28,512100.SH,1.078,1.078,1.055,1.057,132352700
2021-10-29,512100.SH,1.075,1.056,1.051,1.075,113079100
2021-11-01,512100.SH,1.087,1.07,1.067,1.083,106971000
2021-11-02,512100.SH,1.089,1.081,1.06,1.072,124832900
2021-11-03,512100.SH,1.074,1.068,1.061,1.073,109243800
2021-11-04,512100.SH,1.088,1.074,1.074,1.087,99834300
2021-11-05,512100.SH,1.088,1.087,1.071,1.072,117392804
2021-11-08,512100.SH,1.079,1.072,1.067,1.079,139179700
2021-11-09,512100.SH,1.096,1.077,1.077,1.094,136147200
2021-11-10,512100.SH,1.096,1.094,1.079,1.095,149412300
2021-11-11,512100.SH,1.108,1.095,1.091,1.106,140294800
2021-11-12,512100.SH,1.121,1.106,1.103,1.12,169535900
2021-11-15,512100.SH,1.128,1.127,1.111,1.116,214361117
2021-11-16,512100.SH,1.119,1.115,1.1,1.104,176519500
2021-11-17,512100.SH,1.125,1.102,1.101,1.125,213854900
2021-11-18,512100.SH,1.13,1.124,1.115,1.121,243671600
2021-11-19,512100.SH,1.136,1.115,1.115,1.135,211656900
2021-11-22,512100.SH,1.16,1.135,1.135,1.159,257271800
2021-11-23,512100.SH,1.159,1.158,1.151,1.156,173040600
2021-11-24,512100.SH,1.159,1.155,1.149,1.155,192284800
2021-11-25,512100.SH,1.156,1.153,1.148,1.151,158870600
2021-11-26,512100.SH,1.158,1.149,1.146,1.154,152675100
2021-11-29,512100.SH,1.165,1.145,1.14,1.164,171074200
2021-11-30,512100.SH,1.176,1.168,1.161,1.171,314695500
2021-12-01,512100.SH,1.172,1.169,1.161,1.172,277940700
2021-12-02,512100.SH,1.169,1.168,1.155,1.157,216735900
2021-12-03,512100.SH,1.168,1.156,1.153,1.164,190447000
2021-12-06,512100.SH,1.165,1.164,1.146,1.147,276130800
2021-12-07,512100.SH,1.161,1.151,1.121,1.129,289197800
2021-12-08,512100.SH,1.151,1.131,1.131,1.148,214961700
2021-12-09,512100.SH,1.155,1.148,1.145,1.155,187728400
2021-12-10,512100.SH,1.175,1.151,1.148,1.168,149208400
2021-12-13,512100.SH,1.163,1.158,1.152,1.159,158148300
2021-12-14,512100.SH,1.163,1.154,1.153,1.162,175168400
2021-12-15,512100.SH,1.165,1.159,1.153,1.158,151535900
2021-12-16,512100.SH,1.164,1.16,1.155,1.162,128243300
2021-12-17,512100.SH,1.162,1.161,1.146,1.147,163187700
2021-12-20,512100.SH,1.151,1.145,1.124,1.128,151204300
2021-12-21,512100.SH,1.142,1.128,1.126,1.142,125246100
2021-12-22,512100.SH,1.153,1.145,1.14,1.151,188265000
2021-12-23,512100.SH,1.156,1.151,1.145,1.151,128925500
2021-12-24,512100.SH,1.153,1.151,1.13,1.132,162418300
2021-12-27,512100.SH,1.139,1.128,1.126,1.132,97429500
2021-12-28,512100.SH,1.144,1.134,1.13,1.143,121740600
2021-12-29,512100.SH,1.146,1.144,1.139,1.143,118305800
2021-12-30,512100.SH,1.156,1.141,1.14,1.152,118753600
2021-12-31,512100.SH,1.168,1.152,1.152,1.166,133492300
2021-03-09,512100.SH,0.895,0.89,0.854,0.869,116847900
2021-03-10,512100.SH,0.878,0.873,0.859,0.859,83166500
2021-03-11,512100.SH,0.884,0.86,0.857,0.883,96979900
2021-03-12,512100.SH,0.886,0.885,0.872,0.885,82832900
2021-03-15,512100.SH,0.885,0.88,0.868,0.876,107775600
2021-03-16,512100.SH,0.886,0.877,0.87,0.886,105827144
2021-03-17,512100.SH,0.891,0.884,0.875,0.889,95267500
2021-03-18,512100.SH,0.896,0.884,0.884,0.89,105445000
2021-03-19,512100.SH,0.894,0.882,0.879,0.888,118641600
2021-03-22,512100.SH,0.904,0.885,0.885,0.903,118009700
2021-03-23,512100.SH,0.906,0.903,0.888,0.895,123421100
2021-03-24,512100.SH,0.891,0.887,0.875,0.876,102848000
2021-03-25,512100.SH,0.885,0.875,0.869,0.878,145956162
2021-03-26,512100.SH,0.896,0.879,0.879,0.893,131944438
2021-03-29,512100.SH,0.903,0.888,0.888,0.895,95699200
2021-03-30,512100.SH,0.896,0.894,0.888,0.894,85531800
2021-03-31,512100.SH,0.895,0.891,0.887,0.894,93747500
2021-04-01,512100.SH,0.902,0.893,0.892,0.899,93197500
2021-04-02,512100.SH,0.904,0.903,0.898,0.9,89682200
2021-04-06,512100.SH,0.912,0.902,0.901,0.911,138376800
2021-04-07,512100.SH,0.912,0.912,0.903,0.911,130133100
2021-04-08,512100.SH,0.912,0.911,0.905,0.909,126817700
2021-04-09,512100.SH,0.91,0.906,0.904,0.91,169768100
2021-04-12,512100.SH,0.91,0.909,0.887,0.888,134909900
2021-04-13,512100.SH,0.892,0.888,0.881,0.885,129398000
2021-04-14,512100.SH,0.898,0.885,0.883,0.897,128498800
2021-04-15,512100.SH,0.896,0.896,0.887,0.895,98351300
2021-04-16,512100.SH,0.908,0.896,0.894,0.907,117552100
2021-04-19,512100.SH,0.922,0.906,0.903,0.918,148141100
2021-04-20,512100.SH,0.924,0.918,0.87,0.916,139395600
2021-04-21,512100.SH,0.919,0.909,0.908,0.917,124813800
2021-04-22,512100.SH,0.922,0.917,0.917,0.921,108700900
2021-04-23,512100.SH,0.922,0.922,0.913,0.918,120140700
2021-04-26,512100.SH,0.928,0.918,0.912,0.912,117076600
2021-04-27,512100.SH,0.916,0.911,0.901,0.91,123116600
2021-04-28,512100.SH,0.916,0.906,0.905,0.915,127273200
2021-04-29,512100.SH,0.918,0.916,0.911,0.911,122070800
2021-04-30,512100.SH,0.912,0.912,0.903,0.909,118043600
2021-05-06,512100.SH,0.914,0.904,0.904,0.912,132693500
2021-05-07,512100.SH,0.913,0.912,0.901,0.902,133490200
2021-05-10,512100.SH,0.904,0.902,0.897,0.902,140554300
2021-05-11,512100.SH,0.905,0.896,0.888,0.902,154575700
2021-05-12,512100.SH,0.92,0.899,0.898,0.918,131129300
2021-05-13,512100.SH,0.917,0.91,0.907,0.909,119540100
2021-05-14,512100.SH,0.927,0.912,0.909,0.926,134261300
2021-05-17,512100.SH,0.928,0.924,0.917,0.92,126538000
2021-05-18,512100.SH,0.926,0.918,0.916,0.926,126179400
2021-05-19,512100.SH,0.927,0.923,0.921,0.924,113425300
2021-05-20,512100.SH,0.929,0.924,0.92,0.925,104738700
2021-05-21,512100.SH,0.93,0.925,0.923,0.928,115444700
2021-05-24,512100.SH,0.935,0.925,0.924,0.935,110453300
2021-05-25,512100.SH,0.948,0.935,0.934,0.945,95478100
2021-05-26,512100.SH,0.954,0.945,0.944,0.95,115837200
2021-05-27,512100.SH,0.961,0.949,0.948,0.961,139601300
2021-05-28,512100.SH,0.966,0.962,0.953,0.956,148285500
2021-05-31,512100.SH,0.977,0.958,0.956,0.977,136639800
2021-06-01,512100.SH,0.981,0.977,0.971,0.98,128019500
2021-06-02,512100.SH,0.981,0.979,0.965,0.967,159081569
2021-06-03,512100.SH,0.977,0.966,0.964,0.967,128523700
2021-06-04,512100.SH,0.976,0.963,0.958,0.973,119307300
2021-06-07,512100.SH,0.987,0.975,0.974,0.987,137211900
2021-06-08,512100.SH,0.99,0.987,0.971,0.98,142753300
2021-06-09,512100.SH,0.981,0.975,0.974,0.979,131059500
2021-06-10,512100.SH,0.996,0.98,0.977,0.994,199169500
2021-06-11,512100.SH,0.998,0.994,0.983,0.987,170061700
2021-06-15,512100.SH,0.986,0.981,0.977,0.98,180386400
2021-06-16,512100.SH,0.979,0.978,0.959,0.962,153949300
2021-06-17,512100.SH,0.978,0.959,0.959,0.977,133854100
2021-06-18,512100.SH,0.991,0.973,0.973,0.987,157160800
2021-06-21,512100.SH,1.008,0.987,0.985,1.007,233183300
2021-06-22,512100.SH,1.013,1.01,1.0,1.006,170237300
2021-06-23,512100.SH,1.019,1.008,1.003,1.018,135963500
2021-06-24,512100.SH,1.017,1.017,1.002,1.004,176952300
2021-06-25,512100.SH,1.013,1.005,1.0,1.009,142360200
2021-06-28,512100.SH,1.023,1.011,1.007,1.017,166042000
2021-06-29,512100.SH,1.021,1.016,1.007,1.009,138663200
2021-06-30,512100.SH,1.022,1.008,0.993,1.022,150255699
2021-07-01,512100.SH,1.029,1.022,1.003,1.005,119198800
2021-07-02,512100.SH,1.004,1.0,0.982,0.995,193665600
2021-07-05,512100.SH,1.014,0.991,0.991,1.014,155932700
2021-07-06,512100.SH,1.018,1.013,0.994,1.009,215074000
2021-07-07,512100.SH,1.025,1.002,0.998,1.025,160380900
2021-07-08,512100.SH,1.032,1.025,1.023,1.028,167313000
2021-07-09,512100.SH,1.037,1.027,1.013,1.032,172346900
2021-07-12,512100.SH,1.056,1.035,1.035,1.052,167965300
2021-07-13,512100.SH,1.061,1.055,1.05,1.06,188005600
2021-07-14,512100.SH,1.063,1.062,1.044,1.046,228808600
2021-07-15,512100.SH,1.046,1.041,1.026,1.043,212838400
2021-07-16,512100.SH,1.058,1.043,1.038,1.044,203310400
2021-07-19,512100.SH,1.048,1.039,1.036,1.043,183915900
2021-07-20,512100.SH,1.052,1.032,1.032,1.051,163451300
2021-07-21,512100.SH,1.074,1.052,1.051,1.07,185362700
2021-07-22,512100.SH,1.079,1.072,1.063,1.075,142672900
2021-07-23,512100.SH,1.081,1.076,1.064,1.069,161835800
2021-07-26,512100.SH,1.072,1.067,1.032,1.055,214455200
2021-07-27,512100.SH,1.067,1.056,1.023,1.025,246053150
2021-07-28,512100.SH,1.024,1.024,0.978,1.005,213827400
2021-07-29,512100.SH,1.049,1.013,1.011,1.044,208220900
2021-07-30,512100.SH,1.058,1.044,1.035,1.055,203422800
2021-08-02,512100.SH,1.079,1.052,1.05,1.078,177413100
2021-08-03,512100.SH,1.076,1.071,1.054,1.057,189429400
2021-08-04,512100.SH,1.086,1.054,1.05,1.084,167501000
2021-08-05,512100.SH,1.086,1.08,1.071,1.08,171449262
2021-08-06,512100.SH,1.086,1.081,1.074,1.086,167128800
2021-08-09,512100.SH,1.089,1.084,1.07,1.087,197688800
2021-08-10,512100.SH,1.097,1.086,1.082,1.096,193122700
2021-08-11,512100.SH,1.106,1.096,1.086,1.105,173087300
2021-08-12,512100.SH,1.116,1.105,1.102,1.113,194808400
2021-08-13,512100.SH,1.122,1.112,1.104,1.112,222543900
2022-01-04,512100.SH,1.174,1.167,1.155,1.161,176572000
2022-01-05,512100.SH,1.161,1.161,1.126,1.131,221521890
2022-01-06,512100.SH,1.145,1.124,1.121,1.138,249138200
2022-01-07,512100.SH,1.142,1.14,1.114,1.118,251008756
2022-01-10,512100.SH,1.127,1.111,1.108,1.123,195583400
2022-01-11,512100.SH,1.128,1.121,1.109,1.112,171700700
2022-01-12,512100.SH,1.133,1.113,1.113,1.132,158196000
2022-01-13,512100.SH,1.131,1.129,1.111,1.111,179900200
2022-01-14,512100.SH,1.12,1.106,1.101,1.115,156366600
2022-01-17,512100.SH,1.137,1.113,1.113,1.136,170533600
2022-01-18,512100.SH,1.138,1.135,1.125,1.13,185688300
2022-01-19,512100.SH,1.128,1.125,1.108,1.114,172369000
2022-01-20,512100.SH,1.113,1.113,1.089,1.09,189378000
2022-01-21,512100.SH,1.09,1.086,1.072,1.073,177404800
2022-01-24,512100.SH,1.085,1.065,1.065,1.079,196125500
2022-01-25,512100.SH,1.08,1.071,1.036,1.037,207525000
2022-01-26,512100.SH,1.05,1.038,1.029,1.044,244276400
2022-01-27,512100.SH,1.046,1.039,1.011,1.012,187843800
2022-01-28,512100.SH,1.028,1.018,0.996,1.016,181605898
2022-02-07,512100.SH,1.03,1.024,1.02,1.026,190611791
2022-02-08,512100.SH,1.034,1.023,1.008,1.034,203031200
2022-02-09,512100.SH,1.049,1.034,1.025,1.048,165622868
2022-02-10,512100.SH,1.05,1.05,1.036,1.045,199984200
2022-02-11,512100.SH,1.041,1.041,1.02,1.023,204316900
2022-02-14,512100.SH,1.031,1.014,1.01,1.016,170375300
2022-02-15,512100.SH,1.038,1.016,1.015,1.037,195114100
2022-02-16,512100.SH,1.048,1.041,1.037,1.045,149374599
2022-02-17,512100.SH,1.057,1.044,1.036,1.049,182123810
2022-02-18,512100.SH,1.056,1.044,1.038,1.053,146527584
2022-02-21,512100.SH,1.068,1.052,1.052,1.066,127435696
2022-12-13,512100.SH,2.662,2.655,2.633,2.639,378381746
2022-12-14,512100.SH,2.651,2.629,2.617,2.624,487192872
2022-12-15,512100.SH,2.64,2.618,2.616,2.633,455036296
2022-12-16,512100.SH,2.63,2.622,2.597,2.61,602666839
2022-12-19,512100.SH,2.617,2.612,2.548,2.558,645523988
2022-12-20,512100.SH,2.556,2.555,2.525,2.531,663007855
2022-12-21,512100.SH,2.539,2.535,2.496,2.517,655439849
2022-12-22,512100.SH,2.525,2.523,2.464,2.478,519880612
2022-12-23,512100.SH,2.481,2.466,2.444,2.46,697672259
2022-12-26,512100.SH,2.511,2.462,2.462,2.504,652356606
2022-12-27,512100.SH,2.526,2.516,2.496,2.524,436343567
2022-12-28,512100.SH,2.519,2.519,2.5,2.507,590566188
2022-12-29,512100.SH,2.525,2.488,2.488,2.502,573594865
2022-12-30,512100.SH,2.516,2.513,2.499,2.507,610750491
2022-07-01,512100.SH,1.03,1.019,1.016,1.024,232389100
2022-07-04,512100.SH,1.035,1.024,1.014,1.033,233011576
2022-07-05,512100.SH,1.039,1.032,1.016,1.03,289678600
2022-07-06,512100.SH,1.03,1.028,1.008,1.017,342815000
2022-07-07,512100.SH,1.032,1.017,1.01,1.029,319969400
2022-07-08,512100.SH,1.035,1.03,1.022,1.024,366907300
2022-07-11,512100.SH,1.018,1.018,0.998,1.009,411560600
2022-07-12,512100.SH,1.011,1.008,0.99,0.991,365735900
2022-07-13,512100.SH,1.002,0.991,0.985,0.999,390180700
2022-07-14,512100.SH,1.017,0.997,0.995,1.013,330690300
2022-07-15,512100.SH,1.02,1.01,1.001,1.002,376722900
2022-07-18,512100.SH,1.019,1.001,1.001,1.017,588886600
2022-07-19,512100.SH,1.031,1.02,1.015,1.026,665445072
2022-07-20,512100.SH,1.041,1.03,1.027,1.041,896534600
2022-07-21,512100.SH,1.045,1.041,1.034,1.035,1101913572
2022-07-22,512100.SH,1.042,1.036,1.018,1.028,2112099500
2022-07-25,512100.SH,1.033,1.026,1.012,1.014,1378870200
2022-07-26,512100.SH,1.031,1.015,1.01,1.03,1731670800
2022-07-27,512100.SH,1.04,1.028,1.024,1.039,1755235700
2022-07-28,512100.SH,1.053,1.041,1.04,1.047,2306744200
2022-07-29,512100.SH,1.051,1.047,1.04,1.043,2657803961
2022-08-01,512100.SH,1.051,1.035,1.03,1.049,2057282800
2022-08-02,512100.SH,1.039,1.039,1.003,1.02,2398603467
2022-08-03,512100.SH,1.035,1.017,1.008,1.012,1864187400
2022-08-04,512100.SH,1.019,1.013,1.0,1.017,2222752100
2022-08-05,512100.SH,1.04,1.014,1.014,1.04,1626924100
2022-08-08,512100.SH,1.051,1.036,1.034,1.048,1313181700
2022-08-09,512100.SH,1.055,1.047,1.04,1.053,1074153600
2022-08-10,512100.SH,1.056,1.046,1.046,1.053,1249437820
2022-02-22,512100.SH,1.064,1.059,1.049,1.06,253706800
2022-02-23,512100.SH,1.085,1.062,1.06,1.085,178153600
2022-02-24,512100.SH,1.086,1.073,1.042,1.059,271742400
2022-02-25,512100.SH,1.082,1.069,1.064,1.069,187810400
2022-02-28,512100.SH,1.08,1.07,1.058,1.078,182794900
2022-03-01,512100.SH,1.085,1.081,1.071,1.08,171323200
2022-03-02,512100.SH,1.08,1.072,1.067,1.078,139743500
2022-03-03,512100.SH,1.085,1.082,1.064,1.067,171074007
2022-03-04,512100.SH,1.07,1.054,1.05,1.054,148372100
2022-03-07,512100.SH,1.05,1.047,1.023,1.027,168639000
2022-03-08,512100.SH,1.032,1.027,0.993,0.996,231520900
2022-03-09,512100.SH,1.005,0.996,0.948,0.985,282951700
2022-03-10,512100.SH,1.019,1.003,1.001,1.009,226860000
2022-03-11,512100.SH,1.017,0.992,0.985,1.016,229403500
2022-03-14,512100.SH,1.014,1.0,0.986,0.988,254311100
2022-03-15,512100.SH,0.987,0.979,0.939,0.941,225838500
2022-03-16,512100.SH,0.977,0.952,0.92,0.972,319926100
2022-03-17,512100.SH,1.006,0.977,0.977,0.99,334620600
2022-03-18,512100.SH,1.001,0.982,0.982,1.0,168644900
2022-03-21,512100.SH,1.014,1.008,0.999,1.011,197691600
2022-03-22,512100.SH,1.016,1.006,1.001,1.006,155703500
2022-03-23,512100.SH,1.015,1.01,1.003,1.013,143145800
2022-03-24,512100.SH,1.011,1.005,0.995,1.0,159612200
2022-03-25,512100.SH,1.008,1.001,0.989,0.992,140199200
2022-03-28,512100.SH,0.993,0.982,0.973,0.982,161720900
2022-03-29,512100.SH,0.988,0.987,0.974,0.976,123275500
2022-03-30,512100.SH,1.001,0.982,0.979,0.999,321927000
2022-03-31,512100.SH,0.998,0.997,0.983,0.985,162497200
2022-04-01,512100.SH,0.988,0.974,0.971,0.986,143345000
2022-08-11,512100.SH,1.068,1.059,1.054,1.067,1756925017
2022-08-12,512100.SH,1.07,1.064,1.056,1.057,1258496800
2022-08-15,512100.SH,1.068,1.053,1.051,1.064,1354282800
2022-08-16,512100.SH,1.077,1.064,1.062,1.07,1382876081
2022-08-17,512100.SH,1.074,1.072,1.063,1.071,1424545793
2022-08-18,512100.SH,1.077,1.067,1.067,1.076,1316119600
2022-08-19,512100.SH,1.079,1.076,1.057,1.058,1271450979
2022-08-22,512100.SH,1.067,1.054,1.047,1.064,1503748000
2022-08-23,512100.SH,1.069,1.061,1.06,1.069,1534624100
2022-08-24,512100.SH,1.069,1.065,1.027,1.03,1957800000
2022-08-25,512100.SH,1.032,1.029,1.014,1.027,1422668600
2022-08-26,512100.SH,1.038,1.025,1.017,1.021,1261257600
2022-08-29,512100.SH,1.028,1.009,1.003,1.025,1381520700
2022-08-30,512100.SH,1.027,1.025,1.015,1.02,1705091600
2022-08-31,512100.SH,1.02,1.015,0.985,0.988,2225654000
2022-09-01,512100.SH,0.996,0.983,0.978,0.982,1938057899
2022-09-02,512100.SH,,,,,0
2022-09-05,512100.SH,2.733,2.698,2.689,2.713,633825069
2022-09-06,512100.SH,2.767,2.725,2.71,2.766,674322969
2022-09-07,512100.SH,2.795,2.759,2.754,2.783,555031007
2022-09-08,512100.SH,2.792,2.786,2.758,2.761,524612733
2022-09-09,512100.SH,2.771,2.76,2.742,2.769,722136376
2022-09-13,512100.SH,2.785,2.773,2.751,2.76,580203414
2022-09-14,512100.SH,2.74,2.73,2.714,2.729,576729775
2022-09-15,512100.SH,2.744,2.731,2.613,2.644,884034084
2022-09-16,512100.SH,2.65,2.626,2.586,2.59,763758004
2022-09-19,512100.SH,2.6,2.577,2.541,2.561,677549607
2022-09-20,512100.SH,2.616,2.569,2.561,2.59,519368816
2022-04-06,512100.SH,0.984,0.981,0.974,0.982,152841600
2022-04-07,512100.SH,0.984,0.976,0.962,0.963,139535900
2022-04-08,512100.SH,0.966,0.963,0.942,0.956,158530500
2022-04-11,512100.SH,0.949,0.949,0.915,0.922,187338800
2022-04-12,512100.SH,0.934,0.923,0.909,0.933,185204200
2022-04-13,512100.SH,0.928,0.924,0.913,0.916,237045300
2022-04-14,512100.SH,0.929,0.922,0.915,0.922,216584643
2022-04-15,512100.SH,0.921,0.915,0.904,0.912,244503043
2022-04-18,512100.SH,0.921,0.905,0.896,0.92,165278943
2022-04-19,512100.SH,0.926,0.915,0.915,0.923,159277844
2022-04-20,512100.SH,0.925,0.92,0.902,0.904,139614600
2022-04-21,512100.SH,0.906,0.9,0.867,0.868,177634200
2022-04-22,512100.SH,0.868,0.863,0.851,0.858,233381000
2022-04-25,512100.SH,0.846,0.84,0.788,0.793,286378100
2022-04-26,512100.SH,0.798,0.788,0.764,0.768,429468300
2022-04-27,512100.SH,0.808,0.762,0.751,0.807,317713433
2022-04-28,512100.SH,0.81,0.796,0.789,0.797,248847175
2022-04-29,512100.SH,0.839,0.805,0.798,0.835,270054156
2022-05-05,512100.SH,0.857,0.831,0.823,0.85,210221505
2022-05-06,512100.SH,0.846,0.832,0.828,0.839,187618500
2022-05-09,512100.SH,0.852,0.832,0.83,0.85,181066600
2022-05-10,512100.SH,0.867,0.837,0.835,0.864,229851100
2022-05-11,512100.SH,0.894,0.867,0.864,0.873,197092700
2022-05-12,512100.SH,0.885,0.865,0.865,0.878,171771342
2022-05-13,512100.SH,0.891,0.882,0.872,0.885,213779400
2022-05-16,512100.SH,0.896,0.888,0.88,0.887,154720300
2022-05-17,512100.SH,0.892,0.884,0.874,0.891,166148800
2022-05-18,512100.SH,0.9,0.891,0.885,0.891,215157700
2022-05-19,512100.SH,0.903,0.878,0.875,0.902,153747000
2022-09-21,512100.SH,2.603,2.586,2.551,2.59,679773996
2022-09-22,512100.SH,2.624,2.568,2.563,2.595,561180024
2022-09-23,512100.SH,2.604,2.597,2.521,2.547,755488271
2022-09-26,512100.SH,2.565,2.527,2.51,2.512,739191023
2022-09-27,512100.SH,2.563,2.516,2.514,2.56,921845703
2022-09-28,512100.SH,2.56,2.55,2.483,2.485,605384776
2022-09-29,512100.SH,2.524,2.505,2.475,2.494,714745736
2022-09-30,512100.SH,2.499,2.494,2.445,2.446,643349605
2022-10-10,512100.SH,2.459,2.44,2.382,2.395,575005462
2022-10-11,512100.SH,2.413,2.393,2.376,2.401,565388112
2022-10-12,512100.SH,2.473,2.398,2.362,2.472,869946595
2022-10-13,512100.SH,2.523,2.456,2.451,2.499,851156794
2022-10-14,512100.SH,2.573,2.512,2.51,2.566,573386126
2022-10-17,512100.SH,2.592,2.549,2.542,2.581,607451069
2022-10-18,512100.SH,2.618,2.59,2.572,2.598,641022880
2022-10-19,512100.SH,2.615,2.589,2.579,2.583,545975187
2022-10-20,512100.SH,2.614,2.563,2.53,2.575,1041066427
2022-10-21,512100.SH,2.589,2.57,2.55,2.57,601207813
2022-10-24,512100.SH,2.628,2.57,2.527,2.56,839858763
2022-10-25,512100.SH,2.564,2.535,2.496,2.539,687043818
2022-10-26,512100.SH,2.624,2.539,2.539,2.6,1227081460
2022-10-27,512100.SH,2.619,2.61,2.579,2.585,805151253
2022-10-28,512100.SH,2.58,2.566,2.48,2.49,810032723
2022-10-31,512100.SH,2.542,2.471,2.471,2.516,720630389
2022-11-01,512100.SH,2.585,2.519,2.507,2.584,898203605
2022-11-02,512100.SH,2.621,2.58,2.572,2.609,643597186
2022-11-03,512100.SH,2.632,2.594,2.592,2.622,489712102
2022-05-20,512100.SH,0.913,0.9,0.897,0.91,206763800
2022-05-23,512100.SH,0.926,0.912,0.911,0.925,161078100
2022-05-24,512100.SH,0.924,0.92,0.884,0.887,218608800
2022-05-25,512100.SH,0.902,0.886,0.883,0.902,229486700
2022-05-26,512100.SH,0.915,0.9,0.887,0.91,249985048
2022-05-27,512100.SH,0.915,0.913,0.897,0.908,240128600
2022-05-30,512100.SH,0.917,0.905,0.898,0.916,170957400
2022-05-31,512100.SH,0.929,0.915,0.906,0.925,254778467
2022-06-01,512100.SH,0.933,0.92,0.918,0.929,157709000
2022-06-02,512100.SH,0.943,0.928,0.923,0.939,217687411
2022-06-06,512100.SH,0.966,0.936,0.936,0.963,197848100
2022-06-07,512100.SH,0.967,0.962,0.954,0.961,189636328
2022-06-08,512100.SH,0.972,0.959,0.944,0.964,216399528
2022-06-09,512100.SH,0.962,0.957,0.941,0.947,201135600
2022-06-10,512100.SH,0.969,0.941,0.939,0.968,151666728
2022-06-13,512100.SH,0.977,0.963,0.953,0.975,180324100
2022-06-14,512100.SH,0.976,0.968,0.941,0.975,248182000
2022-06-15,512100.SH,0.988,0.972,0.97,0.971,244263934
2022-06-16,512100.SH,0.988,0.97,0.97,0.98,192303485
2022-06-17,512100.SH,0.992,0.971,0.967,0.991,235309954
2022-06-20,512100.SH,1.005,0.991,0.989,1.0,207963806
2022-06-21,512100.SH,1.001,0.999,0.981,0.989,260977997
2022-06-22,512100.SH,0.995,0.988,0.976,0.977,230270197
2022-06-23,512100.SH,1.001,0.975,0.971,1.0,218001000
2022-06-24,512100.SH,1.018,1.0,1.0,1.011,280509000
2022-06-27,512100.SH,1.026,1.013,1.013,1.022,277154448
2022-06-28,512100.SH,1.037,1.023,1.018,1.035,407630000
2022-06-29,512100.SH,1.034,1.032,1.008,1.013,289512148
2022-06-30,512100.SH,1.028,1.01,1.01,1.021,234180600
2022-11-04,512100.SH,2.694,2.622,2.619,2.691,749760349
2022-11-07,512100.SH,2.703,2.687,2.659,2.68,645691933
2022-11-08,512100.SH,2.68,2.673,2.657,2.679,622768123
2022-11-09,512100.SH,2.694,2.677,2.659,2.667,569279125
2022-11-10,512100.SH,2.663,2.654,2.633,2.642,770109547
2022-11-11,512100.SH,2.717,2.708,2.65,2.652,1013156902
2022-11-14,512100.SH,2.677,2.652,2.622,2.634,921674974
2022-11-15,512100.SH,2.697,2.624,2.624,2.696,646610979
2022-11-16,512100.SH,2.706,2.696,2.672,2.676,623646812
2022-11-17,512100.SH,2.685,2.67,2.648,2.682,657899329
2022-11-18,512100.SH,2.698,2.683,2.654,2.66,778965695
2022-11-21,512100.SH,2.674,2.642,2.632,2.671,496754209
2022-11-22,512100.SH,2.672,2.663,2.617,2.633,1039718963
2022-11-23,512100.SH,2.637,2.625,2.578,2.627,570618000
2022-11-24,512100.SH,2.642,2.628,2.614,2.63,534454280
2022-11-25,512100.SH,2.625,2.623,2.599,2.604,376447658
2022-11-28,512100.SH,2.6,2.564,2.555,2.594,539533037
2022-11-29,512100.SH,2.646,2.599,2.597,2.634,719349126
2022-11-30,512100.SH,2.643,2.634,2.62,2.631,577616931
2022-12-01,512100.SH,2.68,2.664,2.651,2.658,533170781
2022-12-02,512100.SH,2.689,2.645,2.645,2.666,509691949
2022-12-05,512100.SH,2.688,2.68,2.664,2.679,530353874
2022-12-06,512100.SH,2.693,2.671,2.659,2.676,628237008
2022-12-07,512100.SH,2.691,2.674,2.66,2.674,536437927
2022-12-08,512100.SH,2.676,2.674,2.653,2.662,634540634
2022-12-09,512100.SH,2.675,2.659,2.645,2.669,596585808
2022-12-12,512100.SH,2.674,2.67,2.644,2.659,464913283
2023-01-03,512100.SH,2.571,2.505,2.501,2.564,833131244
2023-01-04,512100.SH,2.572,2.564,2.547,2.564,612666890
2023-01-05,512100.SH,2.592,2.569,2.56,2.591,535760150
2023-01-06,512100.SH,2.611,2.59,2.586,2.595,471440458
2023-01-09,512100.SH,2.624,2.6,2.598,2.607,517350798
2023-01-10,512100.SH,2.615,2.604,2.594,2.611,473122199
2023-01-11,512100.SH,2.622,2.609,2.587,2.592,631917081
2023-01-12,512100.SH,2.612,2.59,2.585,2.592,540168574
2023-01-13,512100.SH,2.61,2.593,2.587,2.608,500134083
2023-01-16,512100.SH,2.652,2.61,2.61,2.636,1184607389
2023-01-17,512100.SH,2.649,2.636,2.629,2.633,659066794
2023-01-18,512100.SH,2.655,2.639,2.635,2.641,573530500
2023-01-19,512100.SH,2.673,2.639,2.631,2.672,717334792
2023-01-20,512100.SH,2.7,2.673,2.673,2.697,1180884750
2023-01-30,512100.SH,2.739,2.726,2.706,2.708,853241942
2023-01-31,512100.SH,2.727,2.708,2.7,2.717,732282783
2023-02-01,512100.SH,2.762,2.72,2.719,2.761,716009438
2023-02-02,512100.SH,2.788,2.764,2.758,2.765,791616745
2023-02-03,512100.SH,2.769,2.758,2.724,2.762,725193774
2023-02-06,512100.SH,2.765,2.75,2.734,2.756,652382794
2023-02-07,512100.SH,2.765,2.761,2.737,2.764,1014239512
2023-02-08,512100.SH,2.768,2.766,2.741,2.745,671408614
2023-02-09,512100.SH,2.803,2.737,2.732,2.8,1018207204
2023-02-10,512100.SH,2.802,2.797,2.762,2.786,778078022
2023-02-13,512100.SH,2.814,2.774,2.774,2.812,743431290
2023-02-14,512100.SH,2.821,2.814,2.803,2.818,545651163
2023-02-15,512100.SH,2.824,2.819,2.807,2.817,475729082
2023-06-13,512100.SH,2.631,2.618,2.615,2.627,433508034
2023-06-14,512100.SH,2.643,2.627,2.624,2.636,390485875
2023-06-15,512100.SH,2.658,2.644,2.635,2.651,395682286
2023-06-16,512100.SH,2.679,2.648,2.648,2.674,424174659
2023-06-19,512100.SH,2.689,2.673,2.671,2.683,502994593
2023-06-20,512100.SH,2.695,2.686,2.676,2.686,487817151
2023-06-21,512100.SH,2.686,2.686,2.632,2.633,554687080
2023-06-26,512100.SH,2.628,2.622,2.576,2.586,807021872
2023-06-27,512100.SH,2.618,2.588,2.585,2.611,417883013
2023-06-28,512100.SH,2.611,2.611,2.56,2.607,695990968
2023-06-29,512100.SH,2.626,2.603,2.597,2.618,626481843
2023-06-30,512100.SH,2.662,2.611,2.611,2.659,518920117
2023-07-03,512100.SH,2.673,2.66,2.641,2.653,397924258
2023-07-04,512100.SH,2.666,2.647,2.647,2.665,458664701
2023-07-05,512100.SH,2.672,2.659,2.641,2.645,436540748
2023-07-06,512100.SH,2.662,2.638,2.633,2.636,478225770
2023-07-07,512100.SH,2.636,2.635,2.606,2.625,412895907
2023-07-10,512100.SH,2.639,2.632,2.614,2.626,341525216
2023-07-11,512100.SH,2.648,2.627,2.621,2.647,357822345
2023-07-12,512100.SH,2.648,2.646,2.607,2.609,383541815
2023-07-13,512100.SH,2.639,2.616,2.611,2.634,474757164
2023-07-14,512100.SH,2.643,2.638,2.63,2.631,385560940
2023-07-17,512100.SH,2.625,2.623,2.605,2.622,425853227
2023-07-18,512100.SH,2.63,2.621,2.609,2.62,319834099
2023-07-19,512100.SH,2.628,2.617,2.6,2.614,308499932
2023-07-20,512100.SH,2.622,2.615,2.578,2.581,672979757
2023-07-21,512100.SH,2.597,2.578,2.569,2.578,641324572
2023-07-24,512100.SH,2.593,2.572,2.566,2.572,363666551
2023-07-25,512100.SH,2.619,2.589,2.589,2.613,617550717
2023-07-26,512100.SH,2.613,2.608,2.594,2.601,422879215
2023-07-27,512100.SH,2.609,2.604,2.576,2.581,375110763
2023-07-28,512100.SH,2.608,2.57,2.565,2.603,603725398
2023-07-31,512100.SH,2.64,2.603,2.603,2.62,474487462
2023-08-01,512100.SH,2.627,2.621,2.609,2.616,373502265
2023-08-02,512100.SH,2.621,2.616,2.602,2.611,431127018
2023-08-03,512100.SH,2.615,2.61,2.597,2.613,512080773
2023-08-04,512100.SH,2.643,2.621,2.615,2.628,410551129
2023-08-07,512100.SH,2.633,2.625,2.612,2.616,376975462
2023-08-08,512100.SH,2.617,2.611,2.595,2.605,381648363
2023-08-09,512100.SH,2.603,2.598,2.581,2.585,437763805
2023-08-10,512100.SH,2.592,2.585,2.571,2.583,365249106
2023-08-11,512100.SH,2.587,2.583,2.535,2.536,421684266
2023-08-14,512100.SH,2.545,2.525,2.499,2.542,453411266
2023-08-15,512100.SH,2.546,2.539,2.497,2.523,462854673
2023-08-16,512100.SH,2.52,2.51,2.489,2.491,390860354
2023-08-17,512100.SH,2.519,2.486,2.465,2.512,466398568
2023-08-18,512100.SH,2.521,2.518,2.461,2.463,372477564
2023-08-21,512100.SH,2.478,2.459,2.435,2.436,497744779
2023-08-22,512100.SH,2.456,2.445,2.407,2.451,614011746
2023-08-23,512100.SH,2.444,2.441,2.401,2.405,580758312
2023-08-24,512100.SH,2.435,2.409,2.392,2.407,478589231
2023-08-25,512100.SH,2.409,2.398,2.355,2.368,631859178
2023-11-15,512100.SH,2.508,2.505,2.487,2.497,303536441
2023-11-16,512100.SH,2.492,2.487,2.47,2.471,305777767
2023-11-17,512100.SH,2.499,2.469,2.462,2.498,299902084
2023-11-20,512100.SH,2.519,2.493,2.484,2.515,273417415
2023-11-21,512100.SH,2.523,2.518,2.495,2.497,239389623
2023-11-22,512100.SH,2.506,2.493,2.466,2.47,223082746
2023-11-23,512100.SH,2.496,2.47,2.455,2.494,308693605
2023-11-24,512100.SH,2.493,2.493,2.452,2.459,331931895
2023-11-27,512100.SH,2.466,2.461,2.442,2.46,241032979
2023-11-28,512100.SH,2.474,2.455,2.437,2.469,234134126
2023-11-29,512100.SH,2.474,2.471,2.453,2.462,223892822
2023-11-30,512100.SH,2.461,2.46,2.424,2.446,273840495
2023-12-01,512100.SH,2.474,2.446,2.434,2.469,308449417
2023-12-04,512100.SH,2.475,2.468,2.456,2.458,211407181
2023-12-05,512100.SH,2.452,2.45,2.411,2.414,255713914
2023-12-06,512100.SH,2.442,2.412,2.402,2.424,236631085
2023-12-07,512100.SH,2.434,2.417,2.404,2.422,331540640
2023-12-08,512100.SH,2.44,2.422,2.415,2.417,392904530
2023-12-11,512100.SH,2.452,2.405,2.391,2.442,518531517
2023-12-12,512100.SH,2.45,2.44,2.435,2.448,367244530
2023-12-13,512100.SH,2.449,2.449,2.422,2.425,273128771
2023-12-14,512100.SH,2.448,2.437,2.412,2.417,349792903
2023-12-15,512100.SH,2.428,2.422,2.388,2.4,357672475
2023-12-18,512100.SH,2.397,2.391,2.354,2.362,219272737
2023-12-19,512100.SH,2.373,2.363,2.345,2.364,248418461
2023-02-16,512100.SH,2.835,2.818,2.744,2.767,861325554
2023-02-17,512100.SH,2.775,2.766,2.736,2.742,792904761
2023-02-20,512100.SH,2.777,2.74,2.721,2.774,878527981
2023-02-21,512100.SH,2.799,2.775,2.765,2.787,547017391
2023-02-22,512100.SH,2.801,2.782,2.769,2.795,469224372
2023-02-23,512100.SH,2.799,2.794,2.761,2.782,462630146
2023-02-24,512100.SH,2.79,2.78,2.752,2.772,531807226
2023-02-27,512100.SH,2.772,2.76,2.74,2.754,627338533
2023-02-28,512100.SH,2.779,2.754,2.739,2.776,470768362
2023-03-01,512100.SH,2.799,2.776,2.764,2.796,414054621
2023-03-02,512100.SH,2.804,2.795,2.776,2.783,440234234
2023-03-03,512100.SH,2.795,2.783,2.759,2.779,529172483
2023-03-06,512100.SH,2.796,2.776,2.763,2.788,484486630
2023-03-07,512100.SH,2.792,2.792,2.734,2.738,510571902
2023-03-08,512100.SH,2.753,2.721,2.721,2.746,447004315
2023-03-09,512100.SH,2.755,2.746,2.731,2.753,489564284
2023-03-10,512100.SH,2.743,2.738,2.711,2.713,565825120
2023-03-13,512100.SH,2.729,2.707,2.692,2.726,490390839
2023-03-14,512100.SH,2.727,2.727,2.671,2.701,489143398
2023-03-15,512100.SH,2.734,2.713,2.708,2.714,393010428
2023-03-16,512100.SH,2.709,2.708,2.666,2.673,458091904
2023-03-17,512100.SH,2.71,2.685,2.679,2.693,578056341
2023-03-20,512100.SH,2.705,2.695,2.672,2.682,467905992
2023-03-21,512100.SH,2.718,2.681,2.681,2.716,479669001
2023-03-22,512100.SH,2.731,2.72,2.716,2.727,413803888
2023-03-23,512100.SH,2.739,2.727,2.72,2.737,465545436
2023-12-20,512100.SH,2.367,2.363,2.321,2.322,233749471
2023-12-21,512100.SH,2.343,2.309,2.29,2.334,299441985
2023-12-22,512100.SH,2.344,2.332,2.303,2.314,298480841
2023-12-25,512100.SH,2.32,2.309,2.294,2.31,287112540
2023-12-26,512100.SH,2.308,2.306,2.271,2.28,317873866
2023-12-27,512100.SH,2.299,2.28,2.269,2.293,369551147
2023-12-28,512100.SH,2.347,2.285,2.278,2.34,496755678
2023-12-29,512100.SH,2.375,2.338,2.325,2.374,365941972
2023-03-24,512100.SH,2.744,2.738,2.729,2.739,373613399
2023-03-27,512100.SH,2.752,2.739,2.724,2.743,379034396
2023-03-28,512100.SH,2.754,2.754,2.721,2.728,421252674
2023-03-29,512100.SH,2.747,2.735,2.71,2.718,482404058
2023-03-30,512100.SH,2.721,2.713,2.698,2.72,478108319
2023-03-31,512100.SH,2.744,2.718,2.718,2.742,397977763
2023-04-03,512100.SH,2.781,2.745,2.745,2.779,555842589
2023-04-04,512100.SH,2.784,2.784,2.759,2.775,427621294
2023-04-06,512100.SH,2.788,2.769,2.764,2.784,415909707
2023-04-07,512100.SH,2.813,2.784,2.781,2.808,295888992
2023-04-10,512100.SH,2.816,2.814,2.777,2.783,361471759
2023-04-11,512100.SH,2.792,2.778,2.773,2.784,358809309
2023-04-12,512100.SH,2.801,2.788,2.784,2.799,385695326
2023-04-13,512100.SH,2.801,2.8,2.779,2.782,355395657
2023-04-14,512100.SH,2.802,2.785,2.776,2.799,383831059
2023-04-17,512100.SH,2.804,2.799,2.791,2.801,293765706
2023-04-18,512100.SH,2.803,2.79,2.779,2.79,355827023
2023-04-19,512100.SH,2.797,2.788,2.774,2.778,337729532
2023-04-20,512100.SH,2.78,2.774,2.762,2.778,362947918
2023-04-21,512100.SH,2.777,2.775,2.707,2.708,432114674
2023-04-24,512100.SH,2.714,2.708,2.675,2.686,518596511
2023-04-25,512100.SH,2.689,2.682,2.603,2.638,764015694
2023-04-26,512100.SH,2.66,2.635,2.628,2.646,558264968
2023-04-27,512100.SH,2.667,2.638,2.637,2.652,739413480
2023-04-28,512100.SH,2.693,2.652,2.65,2.692,570276123
2023-05-04,512100.SH,2.693,2.683,2.672,2.685,443814543
2023-05-05,512100.SH,2.684,2.68,2.639,2.656,441953158
2023-05-08,512100.SH,2.683,2.651,2.651,2.672,538908462
2023-05-09,512100.SH,2.679,2.679,2.64,2.64,409792439
2023-05-10,512100.SH,2.659,2.635,2.628,2.645,421829710
2023-05-11,512100.SH,2.658,2.647,2.641,2.643,368597785
2023-05-12,512100.SH,2.652,2.637,2.609,2.61,395246383
2023-05-15,512100.SH,2.632,2.61,2.584,2.628,387321760
2023-05-16,512100.SH,2.63,2.629,2.596,2.604,387309679
2023-05-17,512100.SH,2.622,2.604,2.6,2.617,446758677
2023-05-18,512100.SH,2.634,2.615,2.615,2.629,427341064
2023-05-19,512100.SH,2.65,2.627,2.613,2.64,442155525
2023-05-22,512100.SH,2.645,2.636,2.618,2.635,395947267
2023-05-23,512100.SH,2.642,2.637,2.608,2.61,361608623
2023-05-24,512100.SH,2.628,2.61,2.593,2.604,403686338
2023-05-25,512100.SH,2.621,2.601,2.569,2.599,469284898
2023-05-26,512100.SH,2.628,2.591,2.579,2.622,475297713
2023-05-29,512100.SH,2.637,2.629,2.604,2.617,367609852
2023-05-30,512100.SH,2.632,2.617,2.588,2.628,439225440
2023-05-31,512100.SH,2.635,2.628,2.609,2.629,440932560
2023-06-01,512100.SH,2.652,2.626,2.611,2.635,434587412
2023-06-02,512100.SH,2.66,2.64,2.639,2.653,441871369
2023-06-05,512100.SH,2.661,2.653,2.646,2.654,397150614
2023-06-06,512100.SH,2.653,2.653,2.592,2.598,479499066
2023-06-07,512100.SH,2.614,2.604,2.592,2.598,366106271
2023-06-08,512100.SH,2.598,2.597,2.566,2.586,378516252
2023-06-09,512100.SH,2.606,2.585,2.577,2.604,389622236
2023-06-12,512100.SH,2.626,2.603,2.599,2.616,424645539
2023-08-28,512100.SH,2.507,2.507,2.375,2.383,918169553
2023-08-29,512100.SH,2.469,2.387,2.382,2.455,1067364589
2023-08-30,512100.SH,2.493,2.455,2.453,2.467,612353588
2023-08-31,512100.SH,2.468,2.465,2.447,2.46,453023451
2023-09-01,512100.SH,2.474,2.461,2.447,2.458,424165279
2023-09-04,512100.SH,2.496,2.462,2.455,2.495,490374940
2023-09-05,512100.SH,2.497,2.489,2.474,2.481,594822110
2023-09-06,512100.SH,2.497,2.47,2.457,2.49,474258592
2023-09-07,512100.SH,2.489,2.489,2.446,2.448,612288457
2023-09-08,512100.SH,2.463,2.444,2.439,2.453,479777540
2023-09-11,512100.SH,2.497,2.45,2.445,2.489,424147048
2023-09-12,512100.SH,2.499,2.481,2.481,2.487,309872843
2023-09-13,512100.SH,2.485,2.483,2.436,2.455,416754091
2023-09-14,512100.SH,2.455,2.453,2.43,2.446,355002818
2023-09-15,512100.SH,2.463,2.446,2.432,2.447,445020539
2023-09-18,512100.SH,2.46,2.437,2.429,2.449,384509593
2023-09-19,512100.SH,2.451,2.447,2.42,2.431,358977952
2023-09-20,512100.SH,2.433,2.426,2.408,2.409,417886084
2023-09-21,512100.SH,2.416,2.4,2.387,2.391,381942832
2023-09-22,512100.SH,2.439,2.388,2.385,2.439,518623204
2023-09-25,512100.SH,2.44,2.43,2.42,2.426,469968195
2023-09-26,512100.SH,2.429,2.425,2.415,2.416,335802775
2023-09-27,512100.SH,2.442,2.415,2.411,2.431,465902073
2023-09-28,512100.SH,2.45,2.431,2.431,2.449,501160856
2023-10-09,512100.SH,2.447,2.44,2.422,2.439,460352477
2023-10-10,512100.SH,2.451,2.441,2.427,2.431,365041374
2023-10-11,512100.SH,2.46,2.44,2.428,2.436,621182575
2023-10-12,512100.SH,2.456,2.448,2.437,2.454,484410211
2023-10-13,512100.SH,2.45,2.44,2.44,2.449,322873495
2023-10-16,512100.SH,2.454,2.45,2.414,2.422,486614809
2023-10-17,512100.SH,2.425,2.422,2.401,2.418,275109810
2023-10-18,512100.SH,2.412,2.409,2.374,2.378,411499719
2023-10-19,512100.SH,2.385,2.369,2.349,2.353,410578697
2023-10-20,512100.SH,2.357,2.346,2.318,2.327,425539777
2023-10-23,512100.SH,2.319,2.317,2.255,2.268,498342190
2023-10-24,512100.SH,2.31,2.27,2.26,2.297,417114548
2023-10-25,512100.SH,2.337,2.316,2.313,2.323,421801524
2023-10-26,512100.SH,2.343,2.316,2.303,2.339,387000917
2023-10-27,512100.SH,2.391,2.332,2.322,2.383,308952128
2023-10-30,512100.SH,2.424,2.37,2.37,2.414,311103295
2023-10-31,512100.SH,2.418,2.407,2.388,2.401,252147576
2023-11-01,512100.SH,2.409,2.407,2.388,2.398,240989128
2023-11-02,512100.SH,2.409,2.397,2.371,2.372,320220578
2023-11-03,512100.SH,2.413,2.379,2.377,2.402,510581810
2023-11-06,512100.SH,2.455,2.415,2.414,2.451,402604051
2023-11-07,512100.SH,2.468,2.442,2.441,2.459,421975476
2023-11-08,512100.SH,2.479,2.455,2.45,2.469,348417169
2023-11-09,512100.SH,2.479,2.463,2.447,2.453,303005735
2023-11-10,512100.SH,2.453,2.447,2.435,2.449,274706012
2023-11-13,512100.SH,2.475,2.457,2.45,2.474,265241332
2023-11-14,512100.SH,2.493,2.472,2.468,2.487,285238092
2024-01-02,512100.SH,2.376,2.371,2.354,2.354,402469698
2024-01-03,512100.SH,2.36,2.349,2.327,2.343,384850297
2024-01-04,512100.SH,2.343,2.339,2.315,2.329,371329140
2024-01-05,512100.SH,2.333,2.323,2.278,2.292,317095440
2024-01-08,512100.SH,2.285,2.285,2.23,2.233,297593139
2024-01-09,512100.SH,2.259,2.238,2.216,2.233,299676568
2024-01-10,512100.SH,2.249,2.224,2.197,2.218,225008281
2024-01-11,512100.SH,2.272,2.215,2.215,2.262,349064541
2024-01-12,512100.SH,2.275,2.251,2.243,2.243,296560765
2024-01-15,512100.SH,2.259,2.233,2.22,2.236,220051476
2024-01-16,512100.SH,2.24,2.234,2.199,2.23,284725733
2024-01-17,512100.SH,2.226,2.221,2.167,2.168,212994328
2024-01-18,512100.SH,2.182,2.168,2.098,2.162,439518289
2024-01-19,512100.SH,2.169,2.15,2.133,2.135,456134065
2024-01-22,512100.SH,2.135,2.135,2.001,2.018,318668890
2024-01-23,512100.SH,2.054,2.008,1.98,2.044,333266866
2024-01-24,512100.SH,2.078,2.048,1.991,2.076,338564842
2024-01-25,512100.SH,2.148,2.07,2.05,2.147,361391460
2024-01-26,512100.SH,2.155,2.142,2.112,2.12,321305187
2024-01-29,512100.SH,2.135,2.119,2.061,2.062,297117424
2024-01-30,512100.SH,2.072,2.05,2.001,2.005,268956322
2024-01-31,512100.SH,2.009,2.001,1.923,1.931,377708468
2024-02-01,512100.SH,1.959,1.92,1.886,1.914,548366154
2024-02-02,512100.SH,1.935,1.913,1.783,1.849,605886708
2024-05-30,512100.SH,2.166,2.143,2.137,2.152,267985515
2024-05-31,512100.SH,2.172,2.155,2.154,2.158,299523757
2024-06-03,512100.SH,2.158,2.154,2.113,2.129,316898989
2024-06-04,512100.SH,2.148,2.12,2.111,2.143,305906300
2024-06-05,512100.SH,2.15,2.137,2.116,2.117,249735687
2024-06-06,512100.SH,2.13,2.121,2.064,2.073,439262004
2024-06-07,512100.SH,2.097,2.09,2.059,2.081,464247586
2024-06-11,512100.SH,2.106,2.07,2.053,2.1,336518195
2024-06-12,512100.SH,2.113,2.091,2.089,2.106,328636764
2024-06-13,512100.SH,2.111,2.111,2.088,2.093,213099714
2024-06-14,512100.SH,2.105,2.086,2.079,2.099,399380049
2024-06-17,512100.SH,2.11,2.089,2.086,2.096,347731186
2024-06-18,512100.SH,2.12,2.096,2.094,2.115,599763138
2024-06-19,512100.SH,2.122,2.117,2.086,2.087,578974899
2024-06-20,512100.SH,2.092,2.083,2.043,2.049,463710343
2024-06-21,512100.SH,2.06,2.042,2.033,2.046,340790746
2024-06-24,512100.SH,2.035,2.034,1.978,1.98,358779485
2024-06-25,512100.SH,1.989,1.98,1.949,1.964,385462494
2024-06-26,512100.SH,2.024,1.96,1.95,2.022,498379115
2024-06-27,512100.SH,2.016,2.011,1.97,1.973,541151610
2024-06-28,512100.SH,2.016,1.967,1.966,1.983,724061291
2024-07-01,512100.SH,2.011,1.979,1.959,2.001,643981961
2024-07-02,512100.SH,2.008,1.998,1.979,1.987,412980640
2024-02-05,512100.SH,1.823,1.82,1.681,1.737,4937763268
2024-02-06,512100.SH,1.876,1.701,1.68,1.855,3046341897
2024-02-07,512100.SH,1.955,1.839,1.839,1.938,2038399961
2024-02-08,512100.SH,2.043,1.96,1.949,2.017,1471847160
2024-02-19,512100.SH,2.05,2.027,1.986,2.02,1894857155
2024-02-20,512100.SH,2.035,2.002,1.987,2.025,577577034
2024-02-21,512100.SH,2.096,2.012,2.001,2.035,910213593
2024-02-22,512100.SH,2.073,2.033,2.032,2.07,491282803
2024-02-23,512100.SH,2.106,2.071,2.053,2.105,578900955
2024-02-26,512100.SH,2.144,2.102,2.087,2.109,569316011
2024-02-27,512100.SH,2.176,2.1,2.094,2.173,574771797
2024-02-28,512100.SH,2.202,2.173,2.066,2.068,1170156894
2024-02-29,512100.SH,2.152,2.057,2.053,2.151,632387235
2024-03-01,512100.SH,2.178,2.148,2.137,2.175,639772591
2024-03-04,512100.SH,2.186,2.174,2.139,2.179,583904098
2024-03-05,512100.SH,2.176,2.166,2.145,2.163,1970307270
2024-03-06,512100.SH,2.186,2.156,2.133,2.161,529580815
2024-03-07,512100.SH,2.185,2.162,2.128,2.129,517124493
2024-03-08,512100.SH,2.167,2.134,2.121,2.157,372246304
2024-03-11,512100.SH,2.201,2.15,2.147,2.2,573270518
2024-03-12,512100.SH,2.223,2.2,2.185,2.21,430820233
2024-03-13,512100.SH,2.238,2.208,2.199,2.217,373699715
2024-03-14,512100.SH,2.228,2.214,2.183,2.204,353905632
2024-03-15,512100.SH,2.239,2.196,2.192,2.238,519997588
2024-03-18,512100.SH,2.276,2.24,2.231,2.275,515682551
2024-03-19,512100.SH,2.274,2.266,2.25,2.253,454723718
2024-03-20,512100.SH,2.279,2.252,2.25,2.273,355711958
2024-03-21,512100.SH,2.289,2.278,2.258,2.272,304758652
2024-03-22,512100.SH,2.274,2.27,2.229,2.246,463814102
2024-03-25,512100.SH,2.254,2.243,2.195,2.196,508632610
2024-03-26,512100.SH,2.208,2.194,2.165,2.186,487295843
2024-03-27,512100.SH,2.186,2.18,2.113,2.115,516929025
2024-03-28,512100.SH,2.185,2.111,2.111,2.164,598000982
2024-03-29,512100.SH,2.189,2.158,2.146,2.187,538054283
2024-04-01,512100.SH,2.237,2.192,2.192,2.233,607650966
2024-04-02,512100.SH,2.233,2.23,2.204,2.221,551754081
2024-04-03,512100.SH,2.221,2.221,2.191,2.214,522113294
2024-04-08,512100.SH,2.205,2.203,2.167,2.168,327485929
2024-04-09,512100.SH,2.199,2.168,2.162,2.196,234948007
2024-04-10,512100.SH,2.192,2.192,2.139,2.157,246659853
2024-04-11,512100.SH,2.188,2.144,2.14,2.162,319814171
2024-04-12,512100.SH,2.176,2.156,2.14,2.144,264939089
2024-04-15,512100.SH,2.155,2.138,2.093,2.125,325894342
2024-04-16,512100.SH,2.123,2.117,2.033,2.034,694813597
2024-04-17,512100.SH,2.127,2.051,2.049,2.126,582402369
2024-04-18,512100.SH,2.149,2.115,2.099,2.123,620890301
2024-04-19,512100.SH,2.135,2.111,2.097,2.113,481451974
2024-04-22,512100.SH,2.133,2.105,2.08,2.109,244087018
2024-10-17,512100.SH,2.286,2.26,2.233,2.235,1552726397
2024-10-18,512100.SH,2.413,2.231,2.228,2.337,3456522478
2024-10-21,512100.SH,2.418,2.348,2.338,2.379,1746654036
2024-10-22,512100.SH,2.413,2.373,2.361,2.392,1608516029
2024-10-23,512100.SH,2.44,2.396,2.378,2.398,924024337
2024-10-24,512100.SH,2.394,2.383,2.361,2.382,834214599
2024-10-25,512100.SH,2.449,2.383,2.383,2.437,1399638980
2024-10-28,512100.SH,2.471,2.431,2.42,2.47,971647887
2024-10-29,512100.SH,2.483,2.48,2.428,2.433,1908879250
2024-10-30,512100.SH,2.455,2.42,2.411,2.447,1007125572
2024-10-31,512100.SH,2.509,2.45,2.435,2.483,1024828890
2024-11-01,512100.SH,2.485,2.47,2.404,2.411,1337878196
2024-11-04,512100.SH,2.469,2.4,2.399,2.466,731579389
2024-11-05,512100.SH,2.559,2.464,2.456,2.549,2033934909
2024-11-06,512100.SH,2.589,2.55,2.535,2.557,1116494215
2024-11-07,512100.SH,2.608,2.531,2.531,2.605,855353700
2024-11-08,512100.SH,2.649,2.62,2.595,2.607,1087744151
2024-11-11,512100.SH,2.671,2.595,2.595,2.668,1737884488
2024-11-12,512100.SH,2.687,2.67,2.612,2.641,999754283
2024-11-13,512100.SH,2.643,2.624,2.583,2.626,952748801
2024-11-14,512100.SH,2.625,2.621,2.545,2.549,1566918344
2024-11-15,512100.SH,2.571,2.543,2.488,2.489,960639711
2024-07-03,512100.SH,1.989,1.983,1.968,1.971,278729566
2024-07-04,512100.SH,1.98,1.975,1.921,1.932,727920724
2024-07-05,512100.SH,1.96,1.928,1.912,1.951,564560726
2024-07-08,512100.SH,1.945,1.942,1.896,1.905,409753996
2024-07-09,512100.SH,1.952,1.9,1.885,1.946,1085149865
2024-07-10,512100.SH,1.959,1.94,1.935,1.937,465797925
2024-07-11,512100.SH,1.988,1.961,1.955,1.986,627197306
2024-07-12,512100.SH,1.988,1.984,1.969,1.978,354497044
2024-07-15,512100.SH,1.975,1.972,1.952,1.957,1067802924
2024-07-16,512100.SH,1.966,1.952,1.94,1.962,610224502
2024-07-17,512100.SH,1.963,1.958,1.943,1.949,1655624825
2024-07-18,512100.SH,1.959,1.935,1.914,1.954,1459805460
2024-07-19,512100.SH,1.973,1.938,1.937,1.955,920160089
2024-07-22,512100.SH,1.967,1.954,1.945,1.958,556529307
2024-07-23,512100.SH,1.96,1.958,1.904,1.904,342062069
2024-07-24,512100.SH,1.911,1.902,1.877,1.878,520992225
2024-07-25,512100.SH,1.902,1.869,1.865,1.88,482397162
2024-07-26,512100.SH,1.915,1.879,1.878,1.91,328499492
2024-07-29,512100.SH,1.913,1.91,1.895,1.901,190986566
2024-07-30,512100.SH,1.918,1.895,1.881,1.909,300594535
2024-07-31,512100.SH,1.995,1.907,1.903,1.993,1463113220
2024-08-01,512100.SH,2.007,1.99,1.968,1.98,792387991
2024-08-02,512100.SH,1.993,1.964,1.948,1.953,450951770
2024-11-18,512100.SH,2.505,2.495,2.407,2.43,1171811285
2024-11-19,512100.SH,2.494,2.424,2.416,2.491,977273193
2024-11-20,512100.SH,2.541,2.481,2.475,2.537,1415098124
2024-11-21,512100.SH,2.553,2.533,2.516,2.543,458406920
2024-11-22,512100.SH,2.548,2.538,2.445,2.447,613174409
2024-11-25,512100.SH,2.466,2.461,2.409,2.458,413448722
2024-11-26,512100.SH,2.477,2.451,2.425,2.426,513734609
2024-11-27,512100.SH,2.49,2.423,2.379,2.486,1200080221
2024-11-28,512100.SH,2.505,2.484,2.466,2.472,830894212
2024-11-29,512100.SH,2.539,2.469,2.453,2.513,1563294534
2024-12-02,512100.SH,2.573,2.514,2.511,2.564,1051509577
2024-12-03,512100.SH,2.579,2.565,2.533,2.557,1376572659
2024-12-04,512100.SH,2.557,2.553,2.506,2.523,1022554963
2024-12-05,512100.SH,2.561,2.515,2.512,2.552,707218251
2024-12-06,512100.SH,2.595,2.551,2.526,2.58,1969596748
2024-12-09,512100.SH,2.589,2.577,2.538,2.557,843935845
2024-12-10,512100.SH,2.649,2.645,2.577,2.584,1954500432
2024-12-11,512100.SH,2.62,2.579,2.575,2.617,868271679
2024-12-12,512100.SH,2.639,2.617,2.593,2.637,756605898
2024-12-13,512100.SH,2.622,2.62,2.58,2.585,1528158133
2024-12-16,512100.SH,2.587,2.585,2.542,2.552,606244529
2024-12-17,512100.SH,2.55,2.543,2.493,2.497,914832963
2024-08-05,512100.SH,1.974,1.938,1.898,1.901,1077406211
2024-08-06,512100.SH,1.938,1.921,1.905,1.927,637120909
2024-08-07,512100.SH,1.938,1.921,1.913,1.925,601869003
2024-08-08,512100.SH,1.942,1.918,1.898,1.927,414234878
2024-08-09,512100.SH,1.948,1.936,1.908,1.908,397003345
2024-08-12,512100.SH,1.911,1.904,1.892,1.901,284600653
2024-08-13,512100.SH,1.911,1.899,1.885,1.906,420122175
2024-08-14,512100.SH,1.907,1.905,1.886,1.887,275502704
2024-08-15,512100.SH,1.929,1.88,1.879,1.904,864509231
2024-08-16,512100.SH,1.911,1.904,1.889,1.889,429806582
2024-08-19,512100.SH,1.917,1.888,1.885,1.893,338032536
2024-08-20,512100.SH,1.897,1.894,1.852,1.86,752640995
2024-08-21,512100.SH,1.867,1.853,1.848,1.85,282826769
2024-08-22,512100.SH,1.856,1.85,1.824,1.827,423494377
2024-08-23,512100.SH,1.834,1.825,1.815,1.828,477332678
2024-08-26,512100.SH,1.844,1.827,1.821,1.835,463638211
2024-08-27,512100.SH,1.83,1.83,1.809,1.815,909830857
2024-08-28,512100.SH,1.834,1.812,1.806,1.817,734258771
2024-08-29,512100.SH,1.855,1.81,1.808,1.847,849753165
2024-08-30,512100.SH,1.91,1.843,1.843,1.882,1606883498
2024-09-02,512100.SH,1.885,1.877,1.839,1.842,855605888
2024-09-03,512100.SH,1.871,1.838,1.838,1.858,789162410
2024-09-04,512100.SH,1.87,1.844,1.84,1.851,472501712
2024-12-18,512100.SH,2.535,2.5,2.488,2.517,638427221
2024-12-19,512100.SH,2.53,2.493,2.48,2.524,592509716
2024-12-20,512100.SH,2.568,2.516,2.515,2.549,606249532
2024-12-23,512100.SH,2.547,2.543,2.475,2.477,1028065228
2024-12-24,512100.SH,2.505,2.48,2.467,2.504,613464378
2024-12-25,512100.SH,2.504,2.504,2.454,2.479,1174241337
2024-12-26,512100.SH,2.512,2.475,2.474,2.503,926100668
2024-12-27,512100.SH,2.542,2.503,2.489,2.507,680149674
2024-12-30,512100.SH,2.517,2.502,2.48,2.5,690278857
2024-12-31,512100.SH,2.508,2.499,2.418,2.42,1087495498
2024-09-05,512100.SH,1.878,1.852,1.852,1.866,440815184
2024-09-06,512100.SH,1.871,1.869,1.83,1.835,680900680
2024-09-09,512100.SH,1.841,1.825,1.812,1.82,408367031
2024-09-10,512100.SH,1.834,1.82,1.788,1.826,518359972
2024-09-11,512100.SH,1.831,1.816,1.811,1.825,860700821
2024-09-12,512100.SH,1.849,1.828,1.816,1.819,617876135
2024-09-13,512100.SH,1.822,1.819,1.795,1.797,658004769
2024-09-18,512100.SH,1.799,1.795,1.765,1.789,520586217
2024-09-19,512100.SH,1.843,1.793,1.781,1.824,1119459924
2024-09-20,512100.SH,1.823,1.819,1.799,1.814,1537079975
2024-09-23,512100.SH,1.837,1.811,1.804,1.816,452182556
2024-09-24,512100.SH,1.894,1.833,1.814,1.892,2090227979
2024-09-25,512100.SH,1.953,1.911,1.903,1.905,1358595792
2024-09-26,512100.SH,1.998,1.897,1.897,1.994,2740138630
2024-09-27,512100.SH,2.18,2.025,2.007,2.172,1415966814
2024-09-30,512100.SH,2.389,2.27,2.161,2.389,5843265615
2024-10-08,512100.SH,2.628,2.628,2.39,2.529,3749725644
2024-10-09,512100.SH,2.48,2.43,2.303,2.324,2371558139
2024-10-10,512100.SH,2.395,2.336,2.273,2.295,2169131671
2024-10-11,512100.SH,2.284,2.281,2.17,2.203,2502679746
2024-10-14,512100.SH,2.286,2.21,2.17,2.283,2108554356
2024-10-15,512100.SH,2.318,2.265,2.231,2.236,2515340049
2024-10-16,512100.SH,2.279,2.201,2.201,2.244,1053864856
2024-04-23,512100.SH,2.118,2.105,2.084,2.095,281431019
2024-04-24,512100.SH,2.135,2.093,2.089,2.134,441433130
2024-04-25,512100.SH,2.155,2.132,2.12,2.133,390309434
2024-04-26,512100.SH,2.181,2.134,2.129,2.177,816232009
2024-04-29,512100.SH,2.234,2.185,2.18,2.23,946719740
2024-04-30,512100.SH,2.232,2.226,2.201,2.207,463797423
2024-05-06,512100.SH,2.269,2.237,2.236,2.248,775970725
2024-05-07,512100.SH,2.262,2.246,2.243,2.257,451348615
2024-05-08,512100.SH,2.25,2.25,2.219,2.221,533688495
2024-05-09,512100.SH,2.268,2.218,2.218,2.26,381882490
2024-05-10,512100.SH,2.271,2.267,2.228,2.24,753417650
2024-05-13,512100.SH,2.234,2.227,2.199,2.219,471790075
2024-05-14,512100.SH,2.245,2.22,2.217,2.229,394274736
2024-05-15,512100.SH,2.233,2.227,2.205,2.209,224590190
2024-05-16,512100.SH,2.23,2.213,2.2,2.204,327578388
2024-05-17,512100.SH,2.242,2.205,2.2,2.24,479549523
2024-05-20,512100.SH,2.258,2.24,2.232,2.248,524912797
2024-05-21,512100.SH,2.245,2.244,2.216,2.225,643007135
2024-05-22,512100.SH,2.233,2.222,2.213,2.228,210364697
2024-05-23,512100.SH,2.221,2.221,2.172,2.18,318884183
2024-05-24,512100.SH,2.19,2.169,2.154,2.154,249685179
2024-05-27,512100.SH,2.181,2.159,2.129,2.179,272933265
2024-05-28,512100.SH,2.178,2.169,2.15,2.154,250226857
2024-05-29,512100.SH,2.171,2.15,2.144,2.153,224647621
2025-01-02,512100.SH,2.431,2.416,2.332,2.355,1190049327
2025-01-03,512100.SH,2.365,2.358,2.28,2.29,1673134218
2025-01-06,512100.SH,2.31,2.285,2.26,2.277,1285256049
2025-01-07,512100.SH,2.311,2.276,2.265,2.31,1334717691
2025-01-08,512100.SH,2.32,2.302,2.232,2.299,1606924066
2025-01-09,512100.SH,2.321,2.284,2.282,2.304,914305204
2025-01-10,512100.SH,2.324,2.302,2.253,2.255,515784461
2025-01-13,512100.SH,2.277,2.237,2.22,2.26,740220588
2025-01-14,512100.SH,2.365,2.263,2.258,2.364,1673319625
2025-01-15,512100.SH,2.327,2.32,2.3,2.309,1160103283
2025-01-16,512100.SH,2.365,2.318,2.299,2.319,1031537880
2025-01-17,512100.SH,2.356,2.31,2.302,2.336,715596197
2025-01-20,512100.SH,2.373,2.348,2.342,2.349,643854281
2025-01-21,512100.SH,2.369,2.36,2.331,2.364,801171959
2025-01-22,512100.SH,2.359,2.354,2.329,2.345,705844496
2025-01-23,512100.SH,2.399,2.361,2.332,2.333,1187863543
2025-01-24,512100.SH,2.382,2.329,2.329,2.38,1256736920
2025-01-27,512100.SH,2.393,2.384,2.334,2.336,987521544
2025-02-05,512100.SH,2.376,2.354,2.339,2.352,861672115
2025-02-06,512100.SH,2.421,2.347,2.339,2.415,801423388
2025-02-07,512100.SH,2.484,2.416,2.414,2.455,1332989078
2025-02-10,512100.SH,2.489,2.455,2.45,2.483,1207204306
2025-02-11,512100.SH,2.488,2.48,2.453,2.478,683543842
2025-02-12,512100.SH,2.518,2.473,2.47,2.515,619233588
2025-02-13,512100.SH,2.514,2.512,2.483,2.491,604225099
2025-02-14,512100.SH,2.506,2.486,2.474,2.5,623321929
2025-02-17,512100.SH,2.523,2.508,2.49,2.511,1479497357
2025-02-18,512100.SH,2.514,2.505,2.446,2.461,899067496
2025-02-19,512100.SH,2.518,2.453,2.453,2.516,672871165
2025-02-20,512100.SH,2.54,2.511,2.508,2.533,704008260
2025-02-21,512100.SH,2.591,2.537,2.525,2.581,564613194
2025-02-24,512100.SH,2.6,2.58,2.562,2.585,727053148
2025-02-25,512100.SH,2.599,2.553,2.546,2.574,449202948
2025-02-26,512100.SH,2.615,2.576,2.567,2.614,390309310
2025-02-27,512100.SH,2.619,2.608,2.56,2.6,497368873
2025-02-28,512100.SH,2.589,2.586,2.503,2.511,1270109921
2025-03-03,512100.SH,2.552,2.514,2.496,2.508,650157255
2025-03-04,512100.SH,2.545,2.492,2.49,2.541,559809503
2025-03-05,512100.SH,2.559,2.54,2.524,2.558,565835320
2025-03-06,512100.SH,2.625,2.572,2.57,2.614,558609064
